Customer_Id;Customer_Name;Branch_Id
20181;Filiz Tilki;11
20182;Filiz Ekici;12
20183;Filiz Eren;13
20184;Filiz Kara;14
20185;Filiz Korkmaz;15
20186;Filiz Korkulu;21
20187;Filiz Menzil;22
20188;Filiz Bayram;23
20189;Filiz Koca;24
201810;Filiz Sapan;25
201811;Filiz Kapak;31
201812;Filiz Ferah;32
201813;Filiz Zor;33
201814;Filiz Kolay;34
201815;Filiz Bozan;35
201816;Filiz Akay;41
201817;Filiz Kutlu;42
201818;Filiz Ercan;43
201819;Filiz Seven;44
201820;Filiz Sevgi;45
201821;Filiz Er;51
201822;Filiz Kuzey;52
201823;Filiz Merim;53
201824;Filiz Kandemir;54
201825;Filiz Polat;55
201826;Filiz Atak;61
201827;Filiz Ergan;62
201828;Filiz Gedik;63
201829;Filiz Karabiber;64
201830;Filiz Biber;65
201831;Filiz Namaz;71
201832;Filiz Ada;72
201833;Filiz Hamza;73
201834;Filiz Varol;74
201835;Filiz Uslu;75
201836;Filiz Enes;81
201837;Filiz Demir;82
201838;Filiz Makara;83
201839;Filiz Mavi;84
201840;Filiz Duman;85
201841;Filiz Gezgin;91
201842;Filiz Karaduman;92
201843;Filiz Bulut;93
201844;Filiz Karabulut;94
201845;Filiz Mercan;95
201846;Sema Tilki;101
201847;Sema Ekici;102
201848;Sema Eren;103
201849;Sema Kara;104
201850;Sema Korkmaz;105
201851;Sema Korkulu;111
201852;Sema Menzil;112
201853;Sema Bayram;113
201854;Sema Koca;114
201855;Sema Sapan;115
201856;Sema Kapak;121
201857;Sema Ferah;122
201858;Sema Zor;123
201859;Sema Kolay;124
201860;Sema Bozan;125
201861;Sema Akay;131
201862;Sema Kutlu;132
201863;Sema Ercan;133
201864;Sema Seven;134
201865;Sema Sevgi;135
201866;Sema Er;141
201867;Sema Kuzey;142
201868;Sema Merim;143
201869;Sema Kandemir;144
201870;Sema Polat;145
201871;Sema Atak;151
201872;Sema Ergan;152
201873;Sema Gedik;153
201874;Sema Karabiber;154
201875;Sema Biber;155
201876;Sema Namaz;161
201877;Sema Ada;162
201878;Sema Hamza;163
201879;Sema Varol;164
201880;Sema Uslu;165
201881;Sema Enes;171
201882;Sema Demir;172
201883;Sema Makara;173
201884;Sema Mavi;174
201885;Sema Duman;175
201886;Sema Gezgin;181
201887;Sema Karaduman;182
201888;Sema Bulut;183
201889;Sema Karabulut;184
201890;Sema Mercan;185
201891;Cem Tilki;191
201892;Cem Ekici;192
201893;Cem Eren;193
201894;Cem Kara;194
201895;Cem Korkmaz;195
201896;Cem Korkulu;201
201897;Cem Menzil;202
201898;Cem Bayram;203
201899;Cem Koca;204
2018100;Cem Sapan;205
2018101;Cem Kapak;211
2018102;Cem Ferah;212
2018103;Cem Zor;213
2018104;Cem Kolay;214
2018105;Cem Bozan;215
2018106;Cem Akay;221
2018107;Cem Kutlu;222
2018108;Cem Ercan;223
2018109;Cem Seven;224
2018110;Cem Sevgi;225
2018111;Cem Er;231
2018112;Cem Kuzey;232
2018113;Cem Merim;233
2018114;Cem Kandemir;234
2018115;Cem Polat;235
2018116;Cem Atak;241
2018117;Cem Ergan;242
2018118;Cem Gedik;243
2018119;Cem Karabiber;244
2018120;Cem Biber;245
2018121;Cem Namaz;251
2018122;Cem Ada;252
2018123;Cem Hamza;253
2018124;Cem Varol;254
2018125;Cem Uslu;255
2018126;Cem Enes;261
2018127;Cem Demir;262
2018128;Cem Makara;263
2018129;Cem Mavi;264
2018130;Cem Duman;265
2018131;Cem Gezgin;271
2018132;Cem Karaduman;272
2018133;Cem Bulut;273
2018134;Cem Karabulut;274
2018135;Cem Mercan;275
2018136;Aleyna Tilki;281
2018137;Aleyna Ekici;282
2018138;Aleyna Eren;283
2018139;Aleyna Kara;284
2018140;Aleyna Korkmaz;285
2018141;Aleyna Korkulu;291
2018142;Aleyna Menzil;292
2018143;Aleyna Bayram;293
2018144;Aleyna Koca;294
2018145;Aleyna Sapan;295
2018146;Aleyna Kapak;301
2018147;Aleyna Ferah;302
2018148;Aleyna Zor;303
2018149;Aleyna Kolay;304
2018150;Aleyna Bozan;305
2018151;Aleyna Akay;311
2018152;Aleyna Kutlu;312
2018153;Aleyna Ercan;313
2018154;Aleyna Seven;314
2018155;Aleyna Sevgi;315
2018156;Aleyna Er;321
2018157;Aleyna Kuzey;322
2018158;Aleyna Merim;323
2018159;Aleyna Kandemir;324
2018160;Aleyna Polat;325
2018161;Aleyna Atak;331
2018162;Aleyna Ergan;332
2018163;Aleyna Gedik;333
2018164;Aleyna Karabiber;334
2018165;Aleyna Biber;335
2018166;Aleyna Namaz;341
2018167;Aleyna Ada;342
2018168;Aleyna Hamza;343
2018169;Aleyna Varol;344
2018170;Aleyna Uslu;345
2018171;Aleyna Enes;351
2018172;Aleyna Demir;352
2018173;Aleyna Makara;353
2018174;Aleyna Mavi;354
2018175;Aleyna Duman;355
2018176;Aleyna Gezgin;361
2018177;Aleyna Karaduman;362
2018178;Aleyna Bulut;363
2018179;Aleyna Karabulut;364
2018180;Aleyna Mercan;365
2018181;Volkan Tilki;371
2018182;Volkan Ekici;372
2018183;Volkan Eren;373
2018184;Volkan Kara;374
2018185;Volkan Korkmaz;375
2018186;Volkan Korkulu;381
2018187;Volkan Menzil;382
2018188;Volkan Bayram;383
2018189;Volkan Koca;384
2018190;Volkan Sapan;385
2018191;Volkan Kapak;391
2018192;Volkan Ferah;392
2018193;Volkan Zor;393
2018194;Volkan Kolay;394
2018195;Volkan Bozan;395
2018196;Volkan Akay;401
2018197;Volkan Kutlu;402
2018198;Volkan Ercan;403
2018199;Volkan Seven;404
2018200;Volkan Sevgi;405
2018201;Volkan Er;411
2018202;Volkan Kuzey;412
2018203;Volkan Merim;413
2018204;Volkan Kandemir;414
2018205;Volkan Polat;415
2018206;Volkan Atak;421
2018207;Volkan Ergan;422
2018208;Volkan Gedik;423
2018209;Volkan Karabiber;424
2018210;Volkan Biber;425
2018211;Volkan Namaz;431
2018212;Volkan Ada;432
2018213;Volkan Hamza;433
2018214;Volkan Varol;434
2018215;Volkan Uslu;435
2018216;Volkan Enes;441
2018217;Volkan Demir;442
2018218;Volkan Makara;443
2018219;Volkan Mavi;444
2018220;Volkan Duman;445
2018221;Volkan Gezgin;451
2018222;Volkan Karaduman;452
2018223;Volkan Bulut;453
2018224;Volkan Karabulut;454
2018225;Volkan Mercan;455
2018226;Alper Tilki;461
2018227;Alper Ekici;462
2018228;Alper Eren;463
2018229;Alper Kara;464
2018230;Alper Korkmaz;465
2018231;Alper Korkulu;471
2018232;Alper Menzil;472
2018233;Alper Bayram;473
2018234;Alper Koca;474
2018235;Alper Sapan;475
2018236;Alper Kapak;481
2018237;Alper Ferah;482
2018238;Alper Zor;483
2018239;Alper Kolay;484
2018240;Alper Bozan;485
2018241;Alper Akay;491
2018242;Alper Kutlu;492
2018243;Alper Ercan;493
2018244;Alper Seven;494
2018245;Alper Sevgi;495
2018246;Alper Er;501
2018247;Alper Kuzey;502
2018248;Alper Merim;503
2018249;Alper Kandemir;504
2018250;Alper Polat;505
2018251;Alper Atak;511
2018252;Alper Ergan;512
2018253;Alper Gedik;513
2018254;Alper Karabiber;514
2018255;Alper Biber;515
2018256;Alper Namaz;521
2018257;Alper Ada;522
2018258;Alper Hamza;523
2018259;Alper Varol;524
2018260;Alper Uslu;525
2018261;Alper Enes;531
2018262;Alper Demir;532
2018263;Alper Makara;533
2018264;Alper Mavi;534
2018265;Alper Duman;535
2018266;Alper Gezgin;541
2018267;Alper Karaduman;542
2018268;Alper Bulut;543
2018269;Alper Karabulut;544
2018270;Alper Mercan;545
2018271;Mahmut Tilki;551
2018272;Mahmut Ekici;552
2018273;Mahmut Eren;553
2018274;Mahmut Kara;554
2018275;Mahmut Korkmaz;555
2018276;Mahmut Korkulu;561
2018277;Mahmut Menzil;562
2018278;Mahmut Bayram;563
2018279;Mahmut Koca;564
2018280;Mahmut Sapan;565
2018281;Mahmut Kapak;571
2018282;Mahmut Ferah;572
2018283;Mahmut Zor;573
2018284;Mahmut Kolay;574
2018285;Mahmut Bozan;575
2018286;Mahmut Akay;581
2018287;Mahmut Kutlu;582
2018288;Mahmut Ercan;583
2018289;Mahmut Seven;584
2018290;Mahmut Sevgi;585
2018291;Mahmut Er;591
2018292;Mahmut Kuzey;592
2018293;Mahmut Merim;593
2018294;Mahmut Kandemir;594
2018295;Mahmut Polat;595
2018296;Mahmut Atak;601
2018297;Mahmut Ergan;602
2018298;Mahmut Gedik;603
2018299;Mahmut Karabiber;604
2018300;Mahmut Biber;605
2018301;Mahmut Namaz;611
2018302;Mahmut Ada;612
2018303;Mahmut Hamza;613
2018304;Mahmut Varol;614
2018305;Mahmut Uslu;615
2018306;Mahmut Enes;621
2018307;Mahmut Demir;622
2018308;Mahmut Makara;623
2018309;Mahmut Mavi;624
2018310;Mahmut Duman;625
2018311;Mahmut Gezgin;631
2018312;Mahmut Karaduman;632
2018313;Mahmut Bulut;633
2018314;Mahmut Karabulut;634
2018315;Mahmut Mercan;635
2018316;Muhammed Tilki;641
2018317;Muhammed Ekici;642
2018318;Muhammed Eren;643
2018319;Muhammed Kara;644
2018320;Muhammed Korkmaz;645
2018321;Muhammed Korkulu;651
2018322;Muhammed Menzil;652
2018323;Muhammed Bayram;653
2018324;Muhammed Koca;654
2018325;Muhammed Sapan;655
2018326;Muhammed Kapak;661
2018327;Muhammed Ferah;662
2018328;Muhammed Zor;663
2018329;Muhammed Kolay;664
2018330;Muhammed Bozan;665
2018331;Muhammed Akay;671
2018332;Muhammed Kutlu;672
2018333;Muhammed Ercan;673
2018334;Muhammed Seven;674
2018335;Muhammed Sevgi;675
2018336;Muhammed Er;681
2018337;Muhammed Kuzey;682
2018338;Muhammed Merim;683
2018339;Muhammed Kandemir;684
2018340;Muhammed Polat;685
2018341;Muhammed Atak;691
2018342;Muhammed Ergan;692
2018343;Muhammed Gedik;693
2018344;Muhammed Karabiber;694
2018345;Muhammed Biber;695
2018346;Muhammed Namaz;701
2018347;Muhammed Ada;702
2018348;Muhammed Hamza;703
2018349;Muhammed Varol;704
2018350;Muhammed Uslu;705
2018351;Muhammed Enes;711
2018352;Muhammed Demir;712
2018353;Muhammed Makara;713
2018354;Muhammed Mavi;714
2018355;Muhammed Duman;715
2018356;Muhammed Gezgin;721
2018357;Muhammed Karaduman;722
2018358;Muhammed Bulut;723
2018359;Muhammed Karabulut;724
2018360;Muhammed Mercan;725
2018361;Kamil Tilki;731
2018362;Kamil Ekici;732
2018363;Kamil Eren;733
2018364;Kamil Kara;734
2018365;Kamil Korkmaz;735
2018366;Kamil Korkulu;741
2018367;Kamil Menzil;742
2018368;Kamil Bayram;743
2018369;Kamil Koca;744
2018370;Kamil Sapan;745
2018371;Kamil Kapak;751
2018372;Kamil Ferah;752
2018373;Kamil Zor;753
2018374;Kamil Kolay;754
2018375;Kamil Bozan;755
2018376;Kamil Akay;761
2018377;Kamil Kutlu;762
2018378;Kamil Ercan;763
2018379;Kamil Seven;764
2018380;Kamil Sevgi;765
2018381;Kamil Er;771
2018382;Kamil Kuzey;772
2018383;Kamil Merim;773
2018384;Kamil Kandemir;774
2018385;Kamil Polat;775
2018386;Kamil Atak;781
2018387;Kamil Ergan;782
2018388;Kamil Gedik;783
2018389;Kamil Karabiber;784
2018390;Kamil Biber;785
2018391;Kamil Namaz;791
2018392;Kamil Ada;792
2018393;Kamil Hamza;793
2018394;Kamil Varol;794
2018395;Kamil Uslu;795
2018396;Kamil Enes;801
2018397;Kamil Demir;802
2018398;Kamil Makara;803
2018399;Kamil Mavi;804
2018400;Kamil Duman;805
2018401;Kamil Gezgin;811
2018402;Kamil Karaduman;812
2018403;Kamil Bulut;813
2018404;Kamil Karabulut;814
2018405;Kamil Mercan;815
2018406;Erdem Tilki;11
2018407;Erdem Ekici;12
2018408;Erdem Eren;13
2018409;Erdem Kara;14
2018410;Erdem Korkmaz;15
2018411;Erdem Korkulu;21
2018412;Erdem Menzil;22
2018413;Erdem Bayram;23
2018414;Erdem Koca;24
2018415;Erdem Sapan;25
2018416;Erdem Kapak;31
2018417;Erdem Ferah;32
2018418;Erdem Zor;33
2018419;Erdem Kolay;34
2018420;Erdem Bozan;35
2018421;Erdem Akay;41
2018422;Erdem Kutlu;42
2018423;Erdem Ercan;43
2018424;Erdem Seven;44
2018425;Erdem Sevgi;45
2018426;Erdem Er;51
2018427;Erdem Kuzey;52
2018428;Erdem Merim;53
2018429;Erdem Kandemir;54
2018430;Erdem Polat;55
2018431;Erdem Atak;61
2018432;Erdem Ergan;62
2018433;Erdem Gedik;63
2018434;Erdem Karabiber;64
2018435;Erdem Biber;65
2018436;Erdem Namaz;71
2018437;Erdem Ada;72
2018438;Erdem Hamza;73
2018439;Erdem Varol;74
2018440;Erdem Uslu;75
2018441;Erdem Enes;81
2018442;Erdem Demir;82
2018443;Erdem Makara;83
2018444;Erdem Mavi;84
2018445;Erdem Duman;85
2018446;Erdem Gezgin;91
2018447;Erdem Karaduman;92
2018448;Erdem Bulut;93
2018449;Erdem Karabulut;94
2018450;Erdem Mercan;95
2018451;Yunus Tilki;101
2018452;Yunus Ekici;102
2018453;Yunus Eren;103
2018454;Yunus Kara;104
2018455;Yunus Korkmaz;105
2018456;Yunus Korkulu;111
2018457;Yunus Menzil;112
2018458;Yunus Bayram;113
2018459;Yunus Koca;114
2018460;Yunus Sapan;115
2018461;Yunus Kapak;121
2018462;Yunus Ferah;122
2018463;Yunus Zor;123
2018464;Yunus Kolay;124
2018465;Yunus Bozan;125
2018466;Yunus Akay;131
2018467;Yunus Kutlu;132
2018468;Yunus Ercan;133
2018469;Yunus Seven;134
2018470;Yunus Sevgi;135
2018471;Yunus Er;141
2018472;Yunus Kuzey;142
2018473;Yunus Merim;143
2018474;Yunus Kandemir;144
2018475;Yunus Polat;145
2018476;Yunus Atak;151
2018477;Yunus Ergan;152
2018478;Yunus Gedik;153
2018479;Yunus Karabiber;154
2018480;Yunus Biber;155
2018481;Yunus Namaz;161
2018482;Yunus Ada;162
2018483;Yunus Hamza;163
2018484;Yunus Varol;164
2018485;Yunus Uslu;165
2018486;Yunus Enes;171
2018487;Yunus Demir;172
2018488;Yunus Makara;173
2018489;Yunus Mavi;174
2018490;Yunus Duman;175
2018491;Yunus Gezgin;181
2018492;Yunus Karaduman;182
2018493;Yunus Bulut;183
2018494;Yunus Karabulut;184
2018495;Yunus Mercan;185
2018496;Kamile Tilki;191
2018497;Kamile Ekici;192
2018498;Kamile Eren;193
2018499;Kamile Kara;194
2018500;Kamile Korkmaz;195
2018501;Kamile Korkulu;201
2018502;Kamile Menzil;202
2018503;Kamile Bayram;203
2018504;Kamile Koca;204
2018505;Kamile Sapan;205
2018506;Kamile Kapak;211
2018507;Kamile Ferah;212
2018508;Kamile Zor;213
2018509;Kamile Kolay;214
2018510;Kamile Bozan;215
2018511;Kamile Akay;221
2018512;Kamile Kutlu;222
2018513;Kamile Ercan;223
2018514;Kamile Seven;224
2018515;Kamile Sevgi;225
2018516;Kamile Er;231
2018517;Kamile Kuzey;232
2018518;Kamile Merim;233
2018519;Kamile Kandemir;234
2018520;Kamile Polat;235
2018521;Kamile Atak;241
2018522;Kamile Ergan;242
2018523;Kamile Gedik;243
2018524;Kamile Karabiber;244
2018525;Kamile Biber;245
2018526;Kamile Namaz;251
2018527;Kamile Ada;252
2018528;Kamile Hamza;253
2018529;Kamile Varol;254
2018530;Kamile Uslu;255
2018531;Kamile Enes;261
2018532;Kamile Demir;262
2018533;Kamile Makara;263
2018534;Kamile Mavi;264
2018535;Kamile Duman;265
2018536;Kamile Gezgin;271
2018537;Kamile Karaduman;272
2018538;Kamile Bulut;273
2018539;Kamile Karabulut;274
2018540;Kamile Mercan;275
2018541;Emre Tilki;281
2018542;Emre Ekici;282
2018543;Emre Eren;283
2018544;Emre Kara;284
2018545;Emre Korkmaz;285
2018546;Emre Korkulu;291
2018547;Emre Menzil;292
2018548;Emre Bayram;293
2018549;Emre Koca;294
2018550;Emre Sapan;295
2018551;Emre Kapak;301
2018552;Emre Ferah;302
2018553;Emre Zor;303
2018554;Emre Kolay;304
2018555;Emre Bozan;305
2018556;Emre Akay;311
2018557;Emre Kutlu;312
2018558;Emre Ercan;313
2018559;Emre Seven;314
2018560;Emre Sevgi;315
2018561;Emre Er;321
2018562;Emre Kuzey;322
2018563;Emre Merim;323
2018564;Emre Kandemir;324
2018565;Emre Polat;325
2018566;Emre Atak;331
2018567;Emre Ergan;332
2018568;Emre Gedik;333
2018569;Emre Karabiber;334
2018570;Emre Biber;335
2018571;Emre Namaz;341
2018572;Emre Ada;342
2018573;Emre Hamza;343
2018574;Emre Varol;344
2018575;Emre Uslu;345
2018576;Emre Enes;351
2018577;Emre Demir;352
2018578;Emre Makara;353
2018579;Emre Mavi;354
2018580;Emre Duman;355
2018581;Emre Gezgin;361
2018582;Emre Karaduman;362
2018583;Emre Bulut;363
2018584;Emre Karabulut;364
2018585;Emre Mercan;365
2018586;Nursena Tilki;371
2018587;Nursena Ekici;372
2018588;Nursena Eren;373
2018589;Nursena Kara;374
2018590;Nursena Korkmaz;375
2018591;Nursena Korkulu;381
2018592;Nursena Menzil;382
2018593;Nursena Bayram;383
2018594;Nursena Koca;384
2018595;Nursena Sapan;385
2018596;Nursena Kapak;391
2018597;Nursena Ferah;392
2018598;Nursena Zor;393
2018599;Nursena Kolay;394
2018600;Nursena Bozan;395
2018601;Nursena Akay;401
2018602;Nursena Kutlu;402
2018603;Nursena Ercan;403
2018604;Nursena Seven;404
2018605;Nursena Sevgi;405
2018606;Nursena Er;411
2018607;Nursena Kuzey;412
2018608;Nursena Merim;413
2018609;Nursena Kandemir;414
2018610;Nursena Polat;415
2018611;Nursena Atak;421
2018612;Nursena Ergan;422
2018613;Nursena Gedik;423
2018614;Nursena Karabiber;424
2018615;Nursena Biber;425
2018616;Nursena Namaz;431
2018617;Nursena Ada;432
2018618;Nursena Hamza;433
2018619;Nursena Varol;434
2018620;Nursena Uslu;435
2018621;Nursena Enes;441
2018622;Nursena Demir;442
2018623;Nursena Makara;443
2018624;Nursena Mavi;444
2018625;Nursena Duman;445
2018626;Nursena Gezgin;451
2018627;Nursena Karaduman;452
2018628;Nursena Bulut;453
2018629;Nursena Karabulut;454
2018630;Nursena Mercan;455
2018631;Cansu Tilki;461
2018632;Cansu Ekici;462
2018633;Cansu Eren;463
2018634;Cansu Kara;464
2018635;Cansu Korkmaz;465
2018636;Cansu Korkulu;471
2018637;Cansu Menzil;472
2018638;Cansu Bayram;473
2018639;Cansu Koca;474
2018640;Cansu Sapan;475
2018641;Cansu Kapak;481
2018642;Cansu Ferah;482
2018643;Cansu Zor;483
2018644;Cansu Kolay;484
2018645;Cansu Bozan;485
2018646;Cansu Akay;491
2018647;Cansu Kutlu;492
2018648;Cansu Ercan;493
2018649;Cansu Seven;494
2018650;Cansu Sevgi;495
2018651;Cansu Er;501
2018652;Cansu Kuzey;502
2018653;Cansu Merim;503
2018654;Cansu Kandemir;504
2018655;Cansu Polat;505
2018656;Cansu Atak;511
2018657;Cansu Ergan;512
2018658;Cansu Gedik;513
2018659;Cansu Karabiber;514
2018660;Cansu Biber;515
2018661;Cansu Namaz;521
2018662;Cansu Ada;522
2018663;Cansu Hamza;523
2018664;Cansu Varol;524
2018665;Cansu Uslu;525
2018666;Cansu Enes;531
2018667;Cansu Demir;532
2018668;Cansu Makara;533
2018669;Cansu Mavi;534
2018670;Cansu Duman;535
2018671;Cansu Gezgin;541
2018672;Cansu Karaduman;542
2018673;Cansu Bulut;543
2018674;Cansu Karabulut;544
2018675;Cansu Mercan;545
2018676;Ceren Tilki;551
2018677;Ceren Ekici;552
2018678;Ceren Eren;553
2018679;Ceren Kara;554
2018680;Ceren Korkmaz;555
2018681;Ceren Korkulu;561
2018682;Ceren Menzil;562
2018683;Ceren Bayram;563
2018684;Ceren Koca;564
2018685;Ceren Sapan;565
2018686;Ceren Kapak;571
2018687;Ceren Ferah;572
2018688;Ceren Zor;573
2018689;Ceren Kolay;574
2018690;Ceren Bozan;575
2018691;Ceren Akay;581
2018692;Ceren Kutlu;582
2018693;Ceren Ercan;583
2018694;Ceren Seven;584
2018695;Ceren Sevgi;585
2018696;Ceren Er;591
2018697;Ceren Kuzey;592
2018698;Ceren Merim;593
2018699;Ceren Kandemir;594
2018700;Ceren Polat;595
2018701;Ceren Atak;601
2018702;Ceren Ergan;602
2018703;Ceren Gedik;603
2018704;Ceren Karabiber;604
2018705;Ceren Biber;605
2018706;Ceren Namaz;611
2018707;Ceren Ada;612
2018708;Ceren Hamza;613
2018709;Ceren Varol;614
2018710;Ceren Uslu;615
2018711;Ceren Enes;621
2018712;Ceren Demir;622
2018713;Ceren Makara;623
2018714;Ceren Mavi;624
2018715;Ceren Duman;625
2018716;Ceren Gezgin;631
2018717;Ceren Karaduman;632
2018718;Ceren Bulut;633
2018719;Ceren Karabulut;634
2018720;Ceren Mercan;635
2018721;Fatma Tilki;641
2018722;Fatma Ekici;642
2018723;Fatma Eren;643
2018724;Fatma Kara;644
2018725;Fatma Korkmaz;645
2018726;Fatma Korkulu;651
2018727;Fatma Menzil;652
2018728;Fatma Bayram;653
2018729;Fatma Koca;654
2018730;Fatma Sapan;655
2018731;Fatma Kapak;661
2018732;Fatma Ferah;662
2018733;Fatma Zor;663
2018734;Fatma Kolay;664
2018735;Fatma Bozan;665
2018736;Fatma Akay;671
2018737;Fatma Kutlu;672
2018738;Fatma Ercan;673
2018739;Fatma Seven;674
2018740;Fatma Sevgi;675
2018741;Fatma Er;681
2018742;Fatma Kuzey;682
2018743;Fatma Merim;683
2018744;Fatma Kandemir;684
2018745;Fatma Polat;685
2018746;Fatma Atak;691
2018747;Fatma Ergan;692
2018748;Fatma Gedik;693
2018749;Fatma Karabiber;694
2018750;Fatma Biber;695
2018751;Fatma Namaz;701
2018752;Fatma Ada;702
2018753;Fatma Hamza;703
2018754;Fatma Varol;704
2018755;Fatma Uslu;705
2018756;Fatma Enes;711
2018757;Fatma Demir;712
2018758;Fatma Makara;713
2018759;Fatma Mavi;714
2018760;Fatma Duman;715
2018761;Fatma Gezgin;721
2018762;Fatma Karaduman;722
2018763;Fatma Bulut;723
2018764;Fatma Karabulut;724
2018765;Fatma Mercan;725
2018766;Talha Tilki;731
2018767;Talha Ekici;732
2018768;Talha Eren;733
2018769;Talha Kara;734
2018770;Talha Korkmaz;735
2018771;Talha Korkulu;741
2018772;Talha Menzil;742
2018773;Talha Bayram;743
2018774;Talha Koca;744
2018775;Talha Sapan;745
2018776;Talha Kapak;751
2018777;Talha Ferah;752
2018778;Talha Zor;753
2018779;Talha Kolay;754
2018780;Talha Bozan;755
2018781;Talha Akay;761
2018782;Talha Kutlu;762
2018783;Talha Ercan;763
2018784;Talha Seven;764
2018785;Talha Sevgi;765
2018786;Talha Er;771
2018787;Talha Kuzey;772
2018788;Talha Merim;773
2018789;Talha Kandemir;774
2018790;Talha Polat;775
2018791;Talha Atak;781
2018792;Talha Ergan;782
2018793;Talha Gedik;783
2018794;Talha Karabiber;784
2018795;Talha Biber;785
2018796;Talha Namaz;791
2018797;Talha Ada;792
2018798;Talha Hamza;793
2018799;Talha Varol;794
2018800;Talha Uslu;795
2018801;Talha Enes;801
2018802;Talha Demir;802
2018803;Talha Makara;803
2018804;Talha Mavi;804
2018805;Talha Duman;805
2018806;Talha Gezgin;811
2018807;Talha Karaduman;812
2018808;Talha Bulut;813
2018809;Talha Karabulut;814
2018810;Talha Mercan;815
2018811;Murat Tilki;11
2018812;Murat Ekici;12
2018813;Murat Eren;13
2018814;Murat Kara;14
2018815;Murat Korkmaz;15
2018816;Murat Korkulu;21
2018817;Murat Menzil;22
2018818;Murat Bayram;23
2018819;Murat Koca;24
2018820;Murat Sapan;25
2018821;Murat Kapak;31
2018822;Murat Ferah;32
2018823;Murat Zor;33
2018824;Murat Kolay;34
2018825;Murat Bozan;35
2018826;Murat Akay;41
2018827;Murat Kutlu;42
2018828;Murat Ercan;43
2018829;Murat Seven;44
2018830;Murat Sevgi;45
2018831;Murat Er;51
2018832;Murat Kuzey;52
2018833;Murat Merim;53
2018834;Murat Kandemir;54
2018835;Murat Polat;55
2018836;Murat Atak;61
2018837;Murat Ergan;62
2018838;Murat Gedik;63
2018839;Murat Karabiber;64
2018840;Murat Biber;65
2018841;Murat Namaz;71
2018842;Murat Ada;72
2018843;Murat Hamza;73
2018844;Murat Varol;74
2018845;Murat Uslu;75
2018846;Murat Enes;81
2018847;Murat Demir;82
2018848;Murat Makara;83
2018849;Murat Mavi;84
2018850;Murat Duman;85
2018851;Murat Gezgin;91
2018852;Murat Karaduman;92
2018853;Murat Bulut;93
2018854;Murat Karabulut;94
2018855;Murat Mercan;95
2018856;Ferdi Tilki;101
2018857;Ferdi Ekici;102
2018858;Ferdi Eren;103
2018859;Ferdi Kara;104
2018860;Ferdi Korkmaz;105
2018861;Ferdi Korkulu;111
2018862;Ferdi Menzil;112
2018863;Ferdi Bayram;113
2018864;Ferdi Koca;114
2018865;Ferdi Sapan;115
2018866;Ferdi Kapak;121
2018867;Ferdi Ferah;122
2018868;Ferdi Zor;123
2018869;Ferdi Kolay;124
2018870;Ferdi Bozan;125
2018871;Ferdi Akay;131
2018872;Ferdi Kutlu;132
2018873;Ferdi Ercan;133
2018874;Ferdi Seven;134
2018875;Ferdi Sevgi;135
2018876;Ferdi Er;141
2018877;Ferdi Kuzey;142
2018878;Ferdi Merim;143
2018879;Ferdi Kandemir;144
2018880;Ferdi Polat;145
2018881;Ferdi Atak;151
2018882;Ferdi Ergan;152
2018883;Ferdi Gedik;153
2018884;Ferdi Karabiber;154
2018885;Ferdi Biber;155
2018886;Ferdi Namaz;161
2018887;Ferdi Ada;162
2018888;Ferdi Hamza;163
2018889;Ferdi Varol;164
2018890;Ferdi Uslu;165
2018891;Ferdi Enes;171
2018892;Ferdi Demir;172
2018893;Ferdi Makara;173
2018894;Ferdi Mavi;174
2018895;Ferdi Duman;175
2018896;Ferdi Gezgin;181
2018897;Ferdi Karaduman;182
2018898;Ferdi Bulut;183
2018899;Ferdi Karabulut;184
2018900;Ferdi Mercan;185
2018901;Firuze Tilki;191
2018902;Firuze Ekici;192
2018903;Firuze Eren;193
2018904;Firuze Kara;194
2018905;Firuze Korkmaz;195
2018906;Firuze Korkulu;201
2018907;Firuze Menzil;202
2018908;Firuze Bayram;203
2018909;Firuze Koca;204
2018910;Firuze Sapan;205
2018911;Firuze Kapak;211
2018912;Firuze Ferah;212
2018913;Firuze Zor;213
2018914;Firuze Kolay;214
2018915;Firuze Bozan;215
2018916;Firuze Akay;221
2018917;Firuze Kutlu;222
2018918;Firuze Ercan;223
2018919;Firuze Seven;224
2018920;Firuze Sevgi;225
2018921;Firuze Er;231
2018922;Firuze Kuzey;232
2018923;Firuze Merim;233
2018924;Firuze Kandemir;234
2018925;Firuze Polat;235
2018926;Firuze Atak;241
2018927;Firuze Ergan;242
2018928;Firuze Gedik;243
2018929;Firuze Karabiber;244
2018930;Firuze Biber;245
2018931;Firuze Namaz;251
2018932;Firuze Ada;252
2018933;Firuze Hamza;253
2018934;Firuze Varol;254
2018935;Firuze Uslu;255
2018936;Firuze Enes;261
2018937;Firuze Demir;262
2018938;Firuze Makara;263
2018939;Firuze Mavi;264
2018940;Firuze Duman;265
2018941;Firuze Gezgin;271
2018942;Firuze Karaduman;272
2018943;Firuze Bulut;273
2018944;Firuze Karabulut;274
2018945;Firuze Mercan;275
2018946;Burak Tilki;281
2018947;Burak Ekici;282
2018948;Burak Eren;283
2018949;Burak Kara;284
2018950;Burak Korkmaz;285
2018951;Burak Korkulu;291
2018952;Burak Menzil;292
2018953;Burak Bayram;293
2018954;Burak Koca;294
2018955;Burak Sapan;295
2018956;Burak Kapak;301
2018957;Burak Ferah;302
2018958;Burak Zor;303
2018959;Burak Kolay;304
2018960;Burak Bozan;305
2018961;Burak Akay;311
2018962;Burak Kutlu;312
2018963;Burak Ercan;313
2018964;Burak Seven;314
2018965;Burak Sevgi;315
2018966;Burak Er;321
2018967;Burak Kuzey;322
2018968;Burak Merim;323
2018969;Burak Kandemir;324
2018970;Burak Polat;325
2018971;Burak Atak;331
2018972;Burak Ergan;332
2018973;Burak Gedik;333
2018974;Burak Karabiber;334
2018975;Burak Biber;335
2018976;Burak Namaz;341
2018977;Burak Ada;342
2018978;Burak Hamza;343
2018979;Burak Varol;344
2018980;Burak Uslu;345
2018981;Burak Enes;351
2018982;Burak Demir;352
2018983;Burak Makara;353
2018984;Burak Mavi;354
2018985;Burak Duman;355
2018986;Burak Gezgin;361
2018987;Burak Karaduman;362
2018988;Burak Bulut;363
2018989;Burak Karabulut;364
2018990;Burak Mercan;365
2018991;Beyzanur Tilki;371
2018992;Beyzanur Ekici;372
2018993;Beyzanur Eren;373
2018994;Beyzanur Kara;374
2018995;Beyzanur Korkmaz;375
2018996;Beyzanur Korkulu;381
2018997;Beyzanur Menzil;382
2018998;Beyzanur Bayram;383
2018999;Beyzanur Koca;384
20181000;Beyzanur Sapan;385
20181001;Beyzanur Kapak;391
20181002;Beyzanur Ferah;392
20181003;Beyzanur Zor;393
20181004;Beyzanur Kolay;394
20181005;Beyzanur Bozan;395
20181006;Beyzanur Akay;401
20181007;Beyzanur Kutlu;402
20181008;Beyzanur Ercan;403
20181009;Beyzanur Seven;404
20181010;Beyzanur Sevgi;405
20181011;Beyzanur Er;411
20181012;Beyzanur Kuzey;412
20181013;Beyzanur Merim;413
20181014;Beyzanur Kandemir;414
20181015;Beyzanur Polat;415
20181016;Beyzanur Atak;421
20181017;Beyzanur Ergan;422
20181018;Beyzanur Gedik;423
20181019;Beyzanur Karabiber;424
20181020;Beyzanur Biber;425
20181021;Beyzanur Namaz;431
20181022;Beyzanur Ada;432
20181023;Beyzanur Hamza;433
20181024;Beyzanur Varol;434
20181025;Beyzanur Uslu;435
20181026;Beyzanur Enes;441
20181027;Beyzanur Demir;442
20181028;Beyzanur Makara;443
20181029;Beyzanur Mavi;444
20181030;Beyzanur Duman;445
20181031;Beyzanur Gezgin;451
20181032;Beyzanur Karaduman;452
20181033;Beyzanur Bulut;453
20181034;Beyzanur Karabulut;454
20181035;Beyzanur Mercan;455
20181036;Zuhal Tilki;461
20181037;Zuhal Ekici;462
20181038;Zuhal Eren;463
20181039;Zuhal Kara;464
20181040;Zuhal Korkmaz;465
20181041;Zuhal Korkulu;471
20181042;Zuhal Menzil;472
20181043;Zuhal Bayram;473
20181044;Zuhal Koca;474
20181045;Zuhal Sapan;475
20181046;Zuhal Kapak;481
20181047;Zuhal Ferah;482
20181048;Zuhal Zor;483
20181049;Zuhal Kolay;484
20181050;Zuhal Bozan;485
20181051;Zuhal Akay;491
20181052;Zuhal Kutlu;492
20181053;Zuhal Ercan;493
20181054;Zuhal Seven;494
20181055;Zuhal Sevgi;495
20181056;Zuhal Er;501
20181057;Zuhal Kuzey;502
20181058;Zuhal Merim;503
20181059;Zuhal Kandemir;504
20181060;Zuhal Polat;505
20181061;Zuhal Atak;511
20181062;Zuhal Ergan;512
20181063;Zuhal Gedik;513
20181064;Zuhal Karabiber;514
20181065;Zuhal Biber;515
20181066;Zuhal Namaz;521
20181067;Zuhal Ada;522
20181068;Zuhal Hamza;523
20181069;Zuhal Varol;524
20181070;Zuhal Uslu;525
20181071;Zuhal Enes;531
20181072;Zuhal Demir;532
20181073;Zuhal Makara;533
20181074;Zuhal Mavi;534
20181075;Zuhal Duman;535
20181076;Zuhal Gezgin;541
20181077;Zuhal Karaduman;542
20181078;Zuhal Bulut;543
20181079;Zuhal Karabulut;544
20181080;Zuhal Mercan;545
20181081;Fatih Tilki;551
20181082;Fatih Ekici;552
20181083;Fatih Eren;553
20181084;Fatih Kara;554
20181085;Fatih Korkmaz;555
20181086;Fatih Korkulu;561
20181087;Fatih Menzil;562
20181088;Fatih Bayram;563
20181089;Fatih Koca;564
20181090;Fatih Sapan;565
20181091;Fatih Kapak;571
20181092;Fatih Ferah;572
20181093;Fatih Zor;573
20181094;Fatih Kolay;574
20181095;Fatih Bozan;575
20181096;Fatih Akay;581
20181097;Fatih Kutlu;582
20181098;Fatih Ercan;583
20181099;Fatih Seven;584
20181100;Fatih Sevgi;585
20181101;Fatih Er;591
20181102;Fatih Kuzey;592
20181103;Fatih Merim;593
20181104;Fatih Kandemir;594
20181105;Fatih Polat;595
20181106;Fatih Atak;601
20181107;Fatih Ergan;602
20181108;Fatih Gedik;603
20181109;Fatih Karabiber;604
20181110;Fatih Biber;605
20181111;Fatih Namaz;611
20181112;Fatih Ada;612
20181113;Fatih Hamza;613
20181114;Fatih Varol;614
20181115;Fatih Uslu;615
20181116;Fatih Enes;621
20181117;Fatih Demir;622
20181118;Fatih Makara;623
20181119;Fatih Mavi;624
20181120;Fatih Duman;625
20181121;Fatih Gezgin;631
20181122;Fatih Karaduman;632
20181123;Fatih Bulut;633
20181124;Fatih Karabulut;634
20181125;Fatih Mercan;635
20181126;Dilruba Tilki;641
20181127;Dilruba Ekici;642
20181128;Dilruba Eren;643
20181129;Dilruba Kara;644
20181130;Dilruba Korkmaz;645
20181131;Dilruba Korkulu;651
20181132;Dilruba Menzil;652
20181133;Dilruba Bayram;653
20181134;Dilruba Koca;654
20181135;Dilruba Sapan;655
20181136;Dilruba Kapak;661
20181137;Dilruba Ferah;662
20181138;Dilruba Zor;663
20181139;Dilruba Kolay;664
20181140;Dilruba Bozan;665
20181141;Dilruba Akay;671
20181142;Dilruba Kutlu;672
20181143;Dilruba Ercan;673
20181144;Dilruba Seven;674
20181145;Dilruba Sevgi;675
20181146;Dilruba Er;681
20181147;Dilruba Kuzey;682
20181148;Dilruba Merim;683
20181149;Dilruba Kandemir;684
20181150;Dilruba Polat;685
20181151;Dilruba Atak;691
20181152;Dilruba Ergan;692
20181153;Dilruba Gedik;693
20181154;Dilruba Karabiber;694
20181155;Dilruba Biber;695
20181156;Dilruba Namaz;701
20181157;Dilruba Ada;702
20181158;Dilruba Hamza;703
20181159;Dilruba Varol;704
20181160;Dilruba Uslu;705
20181161;Dilruba Enes;711
20181162;Dilruba Demir;712
20181163;Dilruba Makara;713
20181164;Dilruba Mavi;714
20181165;Dilruba Duman;715
20181166;Dilruba Gezgin;721
20181167;Dilruba Karaduman;722
20181168;Dilruba Bulut;723
20181169;Dilruba Karabulut;724
20181170;Dilruba Mercan;725
20181171;Lamia Tilki;731
20181172;Lamia Ekici;732
20181173;Lamia Eren;733
20181174;Lamia Kara;734
20181175;Lamia Korkmaz;735
20181176;Lamia Korkulu;741
20181177;Lamia Menzil;742
20181178;Lamia Bayram;743
20181179;Lamia Koca;744
20181180;Lamia Sapan;745
20181181;Lamia Kapak;751
20181182;Lamia Ferah;752
20181183;Lamia Zor;753
20181184;Lamia Kolay;754
20181185;Lamia Bozan;755
20181186;Lamia Akay;761
20181187;Lamia Kutlu;762
20181188;Lamia Ercan;763
20181189;Lamia Seven;764
20181190;Lamia Sevgi;765
20181191;Lamia Er;771
20181192;Lamia Kuzey;772
20181193;Lamia Merim;773
20181194;Lamia Kandemir;774
20181195;Lamia Polat;775
20181196;Lamia Atak;781
20181197;Lamia Ergan;782
20181198;Lamia Gedik;783
20181199;Lamia Karabiber;784
20181200;Lamia Biber;785
20181201;Lamia Namaz;791
20181202;Lamia Ada;792
20181203;Lamia Hamza;793
20181204;Lamia Varol;794
20181205;Lamia Uslu;795
20181206;Lamia Enes;801
20181207;Lamia Demir;802
20181208;Lamia Makara;803
20181209;Lamia Mavi;804
20181210;Lamia Duman;805
20181211;Lamia Gezgin;811
20181212;Lamia Karaduman;812
20181213;Lamia Bulut;813
20181214;Lamia Karabulut;814
20181215;Lamia Mercan;815
20181216;Bartu Tilki;11
20181217;Bartu Ekici;12
20181218;Bartu Eren;13
20181219;Bartu Kara;14
20181220;Bartu Korkmaz;15
20181221;Bartu Korkulu;21
20181222;Bartu Menzil;22
20181223;Bartu Bayram;23
20181224;Bartu Koca;24
20181225;Bartu Sapan;25
20181226;Bartu Kapak;31
20181227;Bartu Ferah;32
20181228;Bartu Zor;33
20181229;Bartu Kolay;34
20181230;Bartu Bozan;35
20181231;Bartu Akay;41
20181232;Bartu Kutlu;42
20181233;Bartu Ercan;43
20181234;Bartu Seven;44
20181235;Bartu Sevgi;45
20181236;Bartu Er;51
20181237;Bartu Kuzey;52
20181238;Bartu Merim;53
20181239;Bartu Kandemir;54
20181240;Bartu Polat;55
20181241;Bartu Atak;61
20181242;Bartu Ergan;62
20181243;Bartu Gedik;63
20181244;Bartu Karabiber;64
20181245;Bartu Biber;65
20181246;Bartu Namaz;71
20181247;Bartu Ada;72
20181248;Bartu Hamza;73
20181249;Bartu Varol;74
20181250;Bartu Uslu;75
20181251;Bartu Enes;81
20181252;Bartu Demir;82
20181253;Bartu Makara;83
20181254;Bartu Mavi;84
20181255;Bartu Duman;85
20181256;Bartu Gezgin;91
20181257;Bartu Karaduman;92
20181258;Bartu Bulut;93
20181259;Bartu Karabulut;94
20181260;Bartu Mercan;95
20181261;Cemhan Tilki;101
20181262;Cemhan Ekici;102
20181263;Cemhan Eren;103
20181264;Cemhan Kara;104
20181265;Cemhan Korkmaz;105
20181266;Cemhan Korkulu;111
20181267;Cemhan Menzil;112
20181268;Cemhan Bayram;113
20181269;Cemhan Koca;114
20181270;Cemhan Sapan;115
20181271;Cemhan Kapak;121
20181272;Cemhan Ferah;122
20181273;Cemhan Zor;123
20181274;Cemhan Kolay;124
20181275;Cemhan Bozan;125
20181276;Cemhan Akay;131
20181277;Cemhan Kutlu;132
20181278;Cemhan Ercan;133
20181279;Cemhan Seven;134
20181280;Cemhan Sevgi;135
20181281;Cemhan Er;141
20181282;Cemhan Kuzey;142
20181283;Cemhan Merim;143
20181284;Cemhan Kandemir;144
20181285;Cemhan Polat;145
20181286;Cemhan Atak;151
20181287;Cemhan Ergan;152
20181288;Cemhan Gedik;153
20181289;Cemhan Karabiber;154
20181290;Cemhan Biber;155
20181291;Cemhan Namaz;161
20181292;Cemhan Ada;162
20181293;Cemhan Hamza;163
20181294;Cemhan Varol;164
20181295;Cemhan Uslu;165
20181296;Cemhan Enes;171
20181297;Cemhan Demir;172
20181298;Cemhan Makara;173
20181299;Cemhan Mavi;174
20181300;Cemhan Duman;175
20181301;Cemhan Gezgin;181
20181302;Cemhan Karaduman;182
20181303;Cemhan Bulut;183
20181304;Cemhan Karabulut;184
20181305;Cemhan Mercan;185
20181306;Melis Tilki;191
20181307;Melis Ekici;192
20181308;Melis Eren;193
20181309;Melis Kara;194
20181310;Melis Korkmaz;195
20181311;Melis Korkulu;201
20181312;Melis Menzil;202
20181313;Melis Bayram;203
20181314;Melis Koca;204
20181315;Melis Sapan;205
20181316;Melis Kapak;211
20181317;Melis Ferah;212
20181318;Melis Zor;213
20181319;Melis Kolay;214
20181320;Melis Bozan;215
20181321;Melis Akay;221
20181322;Melis Kutlu;222
20181323;Melis Ercan;223
20181324;Melis Seven;224
20181325;Melis Sevgi;225
20181326;Melis Er;231
20181327;Melis Kuzey;232
20181328;Melis Merim;233
20181329;Melis Kandemir;234
20181330;Melis Polat;235
20181331;Melis Atak;241
20181332;Melis Ergan;242
20181333;Melis Gedik;243
20181334;Melis Karabiber;244
20181335;Melis Biber;245
20181336;Melis Namaz;251
20181337;Melis Ada;252
20181338;Melis Hamza;253
20181339;Melis Varol;254
20181340;Melis Uslu;255
20181341;Melis Enes;261
20181342;Melis Demir;262
20181343;Melis Makara;263
20181344;Melis Mavi;264
20181345;Melis Duman;265
20181346;Melis Gezgin;271
20181347;Melis Karaduman;272
20181348;Melis Bulut;273
20181349;Melis Karabulut;274
20181350;Melis Mercan;275
20181351;Melisa Tilki;281
20181352;Melisa Ekici;282
20181353;Melisa Eren;283
20181354;Melisa Kara;284
20181355;Melisa Korkmaz;285
20181356;Melisa Korkulu;291
20181357;Melisa Menzil;292
20181358;Melisa Bayram;293
20181359;Melisa Koca;294
20181360;Melisa Sapan;295
20181361;Melisa Kapak;301
20181362;Melisa Ferah;302
20181363;Melisa Zor;303
20181364;Melisa Kolay;304
20181365;Melisa Bozan;305
20181366;Melisa Akay;311
20181367;Melisa Kutlu;312
20181368;Melisa Ercan;313
20181369;Melisa Seven;314
20181370;Melisa Sevgi;315
20181371;Melisa Er;321
20181372;Melisa Kuzey;322
20181373;Melisa Merim;323
20181374;Melisa Kandemir;324
20181375;Melisa Polat;325
20181376;Melisa Atak;331
20181377;Melisa Ergan;332
20181378;Melisa Gedik;333
20181379;Melisa Karabiber;334
20181380;Melisa Biber;335
20181381;Melisa Namaz;341
20181382;Melisa Ada;342
20181383;Melisa Hamza;343
20181384;Melisa Varol;344
20181385;Melisa Uslu;345
20181386;Melisa Enes;351
20181387;Melisa Demir;352
20181388;Melisa Makara;353
20181389;Melisa Mavi;354
20181390;Melisa Duman;355
20181391;Melisa Gezgin;361
20181392;Melisa Karaduman;362
20181393;Melisa Bulut;363
20181394;Melisa Karabulut;364
20181395;Melisa Mercan;365
20181396;Canberk Tilki;371
20181397;Canberk Ekici;372
20181398;Canberk Eren;373
20181399;Canberk Kara;374
20181400;Canberk Korkmaz;375
20181401;Canberk Korkulu;381
20181402;Canberk Menzil;382
20181403;Canberk Bayram;383
20181404;Canberk Koca;384
20181405;Canberk Sapan;385
20181406;Canberk Kapak;391
20181407;Canberk Ferah;392
20181408;Canberk Zor;393
20181409;Canberk Kolay;394
20181410;Canberk Bozan;395
20181411;Canberk Akay;401
20181412;Canberk Kutlu;402
20181413;Canberk Ercan;403
20181414;Canberk Seven;404
20181415;Canberk Sevgi;405
20181416;Canberk Er;411
20181417;Canberk Kuzey;412
20181418;Canberk Merim;413
20181419;Canberk Kandemir;414
20181420;Canberk Polat;415
20181421;Canberk Atak;421
20181422;Canberk Ergan;422
20181423;Canberk Gedik;423
20181424;Canberk Karabiber;424
20181425;Canberk Biber;425
20181426;Canberk Namaz;431
20181427;Canberk Ada;432
20181428;Canberk Hamza;433
20181429;Canberk Varol;434
20181430;Canberk Uslu;435
20181431;Canberk Enes;441
20181432;Canberk Demir;442
20181433;Canberk Makara;443
20181434;Canberk Mavi;444
20181435;Canberk Duman;445
20181436;Canberk Gezgin;451
20181437;Canberk Karaduman;452
20181438;Canberk Bulut;453
20181439;Canberk Karabulut;454
20181440;Canberk Mercan;455
20181441;Miray Tilki;461
20181442;Miray Ekici;462
20181443;Miray Eren;463
20181444;Miray Kara;464
20181445;Miray Korkmaz;465
20181446;Miray Korkulu;471
20181447;Miray Menzil;472
20181448;Miray Bayram;473
20181449;Miray Koca;474
20181450;Miray Sapan;475
20181451;Miray Kapak;481
20181452;Miray Ferah;482
20181453;Miray Zor;483
20181454;Miray Kolay;484
20181455;Miray Bozan;485
20181456;Miray Akay;491
20181457;Miray Kutlu;492
20181458;Miray Ercan;493
20181459;Miray Seven;494
20181460;Miray Sevgi;495
20181461;Miray Er;501
20181462;Miray Kuzey;502
20181463;Miray Merim;503
20181464;Miray Kandemir;504
20181465;Miray Polat;505
20181466;Miray Atak;511
20181467;Miray Ergan;512
20181468;Miray Gedik;513
20181469;Miray Karabiber;514
20181470;Miray Biber;515
20181471;Miray Namaz;521
20181472;Miray Ada;522
20181473;Miray Hamza;523
20181474;Miray Varol;524
20181475;Miray Uslu;525
20181476;Miray Enes;531
20181477;Miray Demir;532
20181478;Miray Makara;533
20181479;Miray Mavi;534
20181480;Miray Duman;535
20181481;Miray Gezgin;541
20181482;Miray Karaduman;542
20181483;Miray Bulut;543
20181484;Miray Karabulut;544
20181485;Miray Mercan;545
20181486;Can Tilki;551
20181487;Can Ekici;552
20181488;Can Eren;553
20181489;Can Kara;554
20181490;Can Korkmaz;555
20181491;Can Korkulu;561
20181492;Can Menzil;562
20181493;Can Bayram;563
20181494;Can Koca;564
20181495;Can Sapan;565
20181496;Can Kapak;571
20181497;Can Ferah;572
20181498;Can Zor;573
20181499;Can Kolay;574
20181500;Can Bozan;575
20181501;Can Akay;581
20181502;Can Kutlu;582
20181503;Can Ercan;583
20181504;Can Seven;584
20181505;Can Sevgi;585
20181506;Can Er;591
20181507;Can Kuzey;592
20181508;Can Merim;593
20181509;Can Kandemir;594
20181510;Can Polat;595
20181511;Can Atak;601
20181512;Can Ergan;602
20181513;Can Gedik;603
20181514;Can Karabiber;604
20181515;Can Biber;605
20181516;Can Namaz;611
20181517;Can Ada;612
20181518;Can Hamza;613
20181519;Can Varol;614
20181520;Can Uslu;615
20181521;Can Enes;621
20181522;Can Demir;622
20181523;Can Makara;623
20181524;Can Mavi;624
20181525;Can Duman;625
20181526;Can Gezgin;631
20181527;Can Karaduman;632
20181528;Can Bulut;633
20181529;Can Karabulut;634
20181530;Can Mercan;635
20181531;Doruk Tilki;641
20181532;Doruk Ekici;642
20181533;Doruk Eren;643
20181534;Doruk Kara;644
20181535;Doruk Korkmaz;645
20181536;Doruk Korkulu;651
20181537;Doruk Menzil;652
20181538;Doruk Bayram;653
20181539;Doruk Koca;654
20181540;Doruk Sapan;655
20181541;Doruk Kapak;661
20181542;Doruk Ferah;662
20181543;Doruk Zor;663
20181544;Doruk Kolay;664
20181545;Doruk Bozan;665
20181546;Doruk Akay;671
20181547;Doruk Kutlu;672
20181548;Doruk Ercan;673
20181549;Doruk Seven;674
20181550;Doruk Sevgi;675
20181551;Doruk Er;681
20181552;Doruk Kuzey;682
20181553;Doruk Merim;683
20181554;Doruk Kandemir;684
20181555;Doruk Polat;685
20181556;Doruk Atak;691
20181557;Doruk Ergan;692
20181558;Doruk Gedik;693
20181559;Doruk Karabiber;694
20181560;Doruk Biber;695
20181561;Doruk Namaz;701
20181562;Doruk Ada;702
20181563;Doruk Hamza;703
20181564;Doruk Varol;704
20181565;Doruk Uslu;705
20181566;Doruk Enes;711
20181567;Doruk Demir;712
20181568;Doruk Makara;713
20181569;Doruk Mavi;714
20181570;Doruk Duman;715
20181571;Doruk Gezgin;721
20181572;Doruk Karaduman;722
20181573;Doruk Bulut;723
20181574;Doruk Karabulut;724
20181575;Doruk Mercan;725
20181576;Ece Tilki;731
20181577;Ece Ekici;732
20181578;Ece Eren;733
20181579;Ece Kara;734
20181580;Ece Korkmaz;735
20181581;Ece Korkulu;741
20181582;Ece Menzil;742
20181583;Ece Bayram;743
20181584;Ece Koca;744
20181585;Ece Sapan;745
20181586;Ece Kapak;751
20181587;Ece Ferah;752
20181588;Ece Zor;753
20181589;Ece Kolay;754
20181590;Ece Bozan;755
20181591;Ece Akay;761
20181592;Ece Kutlu;762
20181593;Ece Ercan;763
20181594;Ece Seven;764
20181595;Ece Sevgi;765
20181596;Ece Er;771
20181597;Ece Kuzey;772
20181598;Ece Merim;773
20181599;Ece Kandemir;774
20181600;Ece Polat;775
20181601;Ece Atak;781
20181602;Ece Ergan;782
20181603;Ece Gedik;783
20181604;Ece Karabiber;784
20181605;Ece Biber;785
20181606;Ece Namaz;791
20181607;Ece Ada;792
20181608;Ece Hamza;793
20181609;Ece Varol;794
20181610;Ece Uslu;795
20181611;Ece Enes;801
20181612;Ece Demir;802
20181613;Ece Makara;803
20181614;Ece Mavi;804
20181615;Ece Duman;805
20181616;Ece Gezgin;811
20181617;Ece Karaduman;812
20181618;Ece Bulut;813
20181619;Ece Karabulut;814
20181620;Ece Mercan;815
20181621;Kubilay Tilki;11
20181622;Kubilay Ekici;12
20181623;Kubilay Eren;13
20181624;Kubilay Kara;14
20181625;Kubilay Korkmaz;15
20181626;Kubilay Korkulu;21
20181627;Kubilay Menzil;22
20181628;Kubilay Bayram;23
20181629;Kubilay Koca;24
20181630;Kubilay Sapan;25
20181631;Kubilay Kapak;31
20181632;Kubilay Ferah;32
20181633;Kubilay Zor;33
20181634;Kubilay Kolay;34
20181635;Kubilay Bozan;35
20181636;Kubilay Akay;41
20181637;Kubilay Kutlu;42
20181638;Kubilay Ercan;43
20181639;Kubilay Seven;44
20181640;Kubilay Sevgi;45
20181641;Kubilay Er;51
20181642;Kubilay Kuzey;52
20181643;Kubilay Merim;53
20181644;Kubilay Kandemir;54
20181645;Kubilay Polat;55
20181646;Kubilay Atak;61
20181647;Kubilay Ergan;62
20181648;Kubilay Gedik;63
20181649;Kubilay Karabiber;64
20181650;Kubilay Biber;65
20181651;Kubilay Namaz;71
20181652;Kubilay Ada;72
20181653;Kubilay Hamza;73
20181654;Kubilay Varol;74
20181655;Kubilay Uslu;75
20181656;Kubilay Enes;81
20181657;Kubilay Demir;82
20181658;Kubilay Makara;83
20181659;Kubilay Mavi;84
20181660;Kubilay Duman;85
20181661;Kubilay Gezgin;91
20181662;Kubilay Karaduman;92
20181663;Kubilay Bulut;93
20181664;Kubilay Karabulut;94
20181665;Kubilay Mercan;95
20181666;Recep Tilki;101
20181667;Recep Ekici;102
20181668;Recep Eren;103
20181669;Recep Kara;104
20181670;Recep Korkmaz;105
20181671;Recep Korkulu;111
20181672;Recep Menzil;112
20181673;Recep Bayram;113
20181674;Recep Koca;114
20181675;Recep Sapan;115
20181676;Recep Kapak;121
20181677;Recep Ferah;122
20181678;Recep Zor;123
20181679;Recep Kolay;124
20181680;Recep Bozan;125
20181681;Recep Akay;131
20181682;Recep Kutlu;132
20181683;Recep Ercan;133
20181684;Recep Seven;134
20181685;Recep Sevgi;135
20181686;Recep Er;141
20181687;Recep Kuzey;142
20181688;Recep Merim;143
20181689;Recep Kandemir;144
20181690;Recep Polat;145
20181691;Recep Atak;151
20181692;Recep Ergan;152
20181693;Recep Gedik;153
20181694;Recep Karabiber;154
20181695;Recep Biber;155
20181696;Recep Namaz;161
20181697;Recep Ada;162
20181698;Recep Hamza;163
20181699;Recep Varol;164
20181700;Recep Uslu;165
20181701;Recep Enes;171
20181702;Recep Demir;172
20181703;Recep Makara;173
20181704;Recep Mavi;174
20181705;Recep Duman;175
20181706;Recep Gezgin;181
20181707;Recep Karaduman;182
20181708;Recep Bulut;183
20181709;Recep Karabulut;184
20181710;Recep Mercan;185
20181711;Damla Tilki;191
20181712;Damla Ekici;192
20181713;Damla Eren;193
20181714;Damla Kara;194
20181715;Damla Korkmaz;195
20181716;Damla Korkulu;201
20181717;Damla Menzil;202
20181718;Damla Bayram;203
20181719;Damla Koca;204
20181720;Damla Sapan;205
20181721;Damla Kapak;211
20181722;Damla Ferah;212
20181723;Damla Zor;213
20181724;Damla Kolay;214
20181725;Damla Bozan;215
20181726;Damla Akay;221
20181727;Damla Kutlu;222
20181728;Damla Ercan;223
20181729;Damla Seven;224
20181730;Damla Sevgi;225
20181731;Damla Er;231
20181732;Damla Kuzey;232
20181733;Damla Merim;233
20181734;Damla Kandemir;234
20181735;Damla Polat;235
20181736;Damla Atak;241
20181737;Damla Ergan;242
20181738;Damla Gedik;243
20181739;Damla Karabiber;244
20181740;Damla Biber;245
20181741;Damla Namaz;251
20181742;Damla Ada;252
20181743;Damla Hamza;253
20181744;Damla Varol;254
20181745;Damla Uslu;255
20181746;Damla Enes;261
20181747;Damla Demir;262
20181748;Damla Makara;263
20181749;Damla Mavi;264
20181750;Damla Duman;265
20181751;Damla Gezgin;271
20181752;Damla Karaduman;272
20181753;Damla Bulut;273
20181754;Damla Karabulut;274
20181755;Damla Mercan;275
20181756;Eda Tilki;281
20181757;Eda Ekici;282
20181758;Eda Eren;283
20181759;Eda Kara;284
20181760;Eda Korkmaz;285
20181761;Eda Korkulu;291
20181762;Eda Menzil;292
20181763;Eda Bayram;293
20181764;Eda Koca;294
20181765;Eda Sapan;295
20181766;Eda Kapak;301
20181767;Eda Ferah;302
20181768;Eda Zor;303
20181769;Eda Kolay;304
20181770;Eda Bozan;305
20181771;Eda Akay;311
20181772;Eda Kutlu;312
20181773;Eda Ercan;313
20181774;Eda Seven;314
20181775;Eda Sevgi;315
20181776;Eda Er;321
20181777;Eda Kuzey;322
20181778;Eda Merim;323
20181779;Eda Kandemir;324
20181780;Eda Polat;325
20181781;Eda Atak;331
20181782;Eda Ergan;332
20181783;Eda Gedik;333
20181784;Eda Karabiber;334
20181785;Eda Biber;335
20181786;Eda Namaz;341
20181787;Eda Ada;342
20181788;Eda Hamza;343
20181789;Eda Varol;344
20181790;Eda Uslu;345
20181791;Eda Enes;351
20181792;Eda Demir;352
20181793;Eda Makara;353
20181794;Eda Mavi;354
20181795;Eda Duman;355
20181796;Eda Gezgin;361
20181797;Eda Karaduman;362
20181798;Eda Bulut;363
20181799;Eda Karabulut;364
20181800;Eda Mercan;365
20181801;Hanifi Tilki;371
20181802;Hanifi Ekici;372
20181803;Hanifi Eren;373
20181804;Hanifi Kara;374
20181805;Hanifi Korkmaz;375
20181806;Hanifi Korkulu;381
20181807;Hanifi Menzil;382
20181808;Hanifi Bayram;383
20181809;Hanifi Koca;384
20181810;Hanifi Sapan;385
20181811;Hanifi Kapak;391
20181812;Hanifi Ferah;392
20181813;Hanifi Zor;393
20181814;Hanifi Kolay;394
20181815;Hanifi Bozan;395
20181816;Hanifi Akay;401
20181817;Hanifi Kutlu;402
20181818;Hanifi Ercan;403
20181819;Hanifi Seven;404
20181820;Hanifi Sevgi;405
20181821;Hanifi Er;411
20181822;Hanifi Kuzey;412
20181823;Hanifi Merim;413
20181824;Hanifi Kandemir;414
20181825;Hanifi Polat;415
20181826;Hanifi Atak;421
20181827;Hanifi Ergan;422
20181828;Hanifi Gedik;423
20181829;Hanifi Karabiber;424
20181830;Hanifi Biber;425
20181831;Hanifi Namaz;431
20181832;Hanifi Ada;432
20181833;Hanifi Hamza;433
20181834;Hanifi Varol;434
20181835;Hanifi Uslu;435
20181836;Hanifi Enes;441
20181837;Hanifi Demir;442
20181838;Hanifi Makara;443
20181839;Hanifi Mavi;444
20181840;Hanifi Duman;445
20181841;Hanifi Gezgin;451
20181842;Hanifi Karaduman;452
20181843;Hanifi Bulut;453
20181844;Hanifi Karabulut;454
20181845;Hanifi Mercan;455
20181846;Mertcan Tilki;461
20181847;Mertcan Ekici;462
20181848;Mertcan Eren;463
20181849;Mertcan Kara;464
20181850;Mertcan Korkmaz;465
20181851;Mertcan Korkulu;471
20181852;Mertcan Menzil;472
20181853;Mertcan Bayram;473
20181854;Mertcan Koca;474
20181855;Mertcan Sapan;475
20181856;Mertcan Kapak;481
20181857;Mertcan Ferah;482
20181858;Mertcan Zor;483
20181859;Mertcan Kolay;484
20181860;Mertcan Bozan;485
20181861;Mertcan Akay;491
20181862;Mertcan Kutlu;492
20181863;Mertcan Ercan;493
20181864;Mertcan Seven;494
20181865;Mertcan Sevgi;495
20181866;Mertcan Er;501
20181867;Mertcan Kuzey;502
20181868;Mertcan Merim;503
20181869;Mertcan Kandemir;504
20181870;Mertcan Polat;505
20181871;Mertcan Atak;511
20181872;Mertcan Ergan;512
20181873;Mertcan Gedik;513
20181874;Mertcan Karabiber;514
20181875;Mertcan Biber;515
20181876;Mertcan Namaz;521
20181877;Mertcan Ada;522
20181878;Mertcan Hamza;523
20181879;Mertcan Varol;524
20181880;Mertcan Uslu;525
20181881;Mertcan Enes;531
20181882;Mertcan Demir;532
20181883;Mertcan Makara;533
20181884;Mertcan Mavi;534
20181885;Mertcan Duman;535
20181886;Mertcan Gezgin;541
20181887;Mertcan Karaduman;542
20181888;Mertcan Bulut;543
20181889;Mertcan Karabulut;544
20181890;Mertcan Mercan;545
20181891;Orkun Tilki;551
20181892;Orkun Ekici;552
20181893;Orkun Eren;553
20181894;Orkun Kara;554
20181895;Orkun Korkmaz;555
20181896;Orkun Korkulu;561
20181897;Orkun Menzil;562
20181898;Orkun Bayram;563
20181899;Orkun Koca;564
20181900;Orkun Sapan;565
20181901;Orkun Kapak;571
20181902;Orkun Ferah;572
20181903;Orkun Zor;573
20181904;Orkun Kolay;574
20181905;Orkun Bozan;575
20181906;Orkun Akay;581
20181907;Orkun Kutlu;582
20181908;Orkun Ercan;583
20181909;Orkun Seven;584
20181910;Orkun Sevgi;585
20181911;Orkun Er;591
20181912;Orkun Kuzey;592
20181913;Orkun Merim;593
20181914;Orkun Kandemir;594
20181915;Orkun Polat;595
20181916;Orkun Atak;601
20181917;Orkun Ergan;602
20181918;Orkun Gedik;603
20181919;Orkun Karabiber;604
20181920;Orkun Biber;605
20181921;Orkun Namaz;611
20181922;Orkun Ada;612
20181923;Orkun Hamza;613
20181924;Orkun Varol;614
20181925;Orkun Uslu;615
20181926;Orkun Enes;621
20181927;Orkun Demir;622
20181928;Orkun Makara;623
20181929;Orkun Mavi;624
20181930;Orkun Duman;625
20181931;Orkun Gezgin;631
20181932;Orkun Karaduman;632
20181933;Orkun Bulut;633
20181934;Orkun Karabulut;634
20181935;Orkun Mercan;635
20181936;Semih Tilki;641
20181937;Semih Ekici;642
20181938;Semih Eren;643
20181939;Semih Kara;644
20181940;Semih Korkmaz;645
20181941;Semih Korkulu;651
20181942;Semih Menzil;652
20181943;Semih Bayram;653
20181944;Semih Koca;654
20181945;Semih Sapan;655
20181946;Semih Kapak;661
20181947;Semih Ferah;662
20181948;Semih Zor;663
20181949;Semih Kolay;664
20181950;Semih Bozan;665
20181951;Semih Akay;671
20181952;Semih Kutlu;672
20181953;Semih Ercan;673
20181954;Semih Seven;674
20181955;Semih Sevgi;675
20181956;Semih Er;681
20181957;Semih Kuzey;682
20181958;Semih Merim;683
20181959;Semih Kandemir;684
20181960;Semih Polat;685
20181961;Semih Atak;691
20181962;Semih Ergan;692
20181963;Semih Gedik;693
20181964;Semih Karabiber;694
20181965;Semih Biber;695
20181966;Semih Namaz;701
20181967;Semih Ada;702
20181968;Semih Hamza;703
20181969;Semih Varol;704
20181970;Semih Uslu;705
20181971;Semih Enes;711
20181972;Semih Demir;712
20181973;Semih Makara;713
20181974;Semih Mavi;714
20181975;Semih Duman;715
20181976;Semih Gezgin;721
20181977;Semih Karaduman;722
20181978;Semih Bulut;723
20181979;Semih Karabulut;724
20181980;Semih Mercan;725
20181981;Serhat Tilki;731
20181982;Serhat Ekici;732
20181983;Serhat Eren;733
20181984;Serhat Kara;734
20181985;Serhat Korkmaz;735
20181986;Serhat Korkulu;741
20181987;Serhat Menzil;742
20181988;Serhat Bayram;743
20181989;Serhat Koca;744
20181990;Serhat Sapan;745
20181991;Serhat Kapak;751
20181992;Serhat Ferah;752
20181993;Serhat Zor;753
20181994;Serhat Kolay;754
20181995;Serhat Bozan;755
20181996;Serhat Akay;761
20181997;Serhat Kutlu;762
20181998;Serhat Ercan;763
20181999;Serhat Seven;764
20182000;Serhat Sevgi;765
20182001;Serhat Er;771
20182002;Serhat Kuzey;772
20182003;Serhat Merim;773
20182004;Serhat Kandemir;774
20182005;Serhat Polat;775
20182006;Serhat Atak;781
20182007;Serhat Ergan;782
20182008;Serhat Gedik;783
20182009;Serhat Karabiber;784
20182010;Serhat Biber;785
20182011;Serhat Namaz;791
20182012;Serhat Ada;792
20182013;Serhat Hamza;793
20182014;Serhat Varol;794
20182015;Serhat Uslu;795
20182016;Serhat Enes;801
20182017;Serhat Demir;802
20182018;Serhat Makara;803
20182019;Serhat Mavi;804
20182020;Serhat Duman;805
20182021;Serhat Gezgin;811
20182022;Serhat Karaduman;812
20182023;Serhat Bulut;813
20182024;Serhat Karabulut;814
20182025;Serhat Mercan;815
