Salesman_Id;Salesman_Name;Branch_Id
111;Elif Tiske;11
112;Elif Direk;12
113;Elif Balbal;13
114;Elif Usta;14
115;Elif Keser;15
121;Elif Yasin;21
122;Elif Boz;22
123;Elif Esenkaya;23
124;Elif Alp;24
125;Elif Turhan;25
131;Elif Ayhan;31
132;Elif Bayraktar;32
133;Elif Mumcu;33
134;Elif Tez;34
135;Elif Kuz;35
141;Elif Topal;41
142;Elif Atakan;42
143;Elif Tok;43
144;Elif Erkin;44
145;Elif Toprak;45
151;Elif Dinler;51
152;Elif Kanarya;52
153;Elif Diren;53
154;Elif Kutlay;54
155;Elif Keskin;55
161;Elif Gedikli;61
162;Elif Aksoy;62
163;Elif Baysal;63
164;Elif Kaya;64
165;Elif Sorgucu;65
171;Elif Dilim;71
172;Elif Yener;72
173;Elif Tepe;73
174;Elif Okan;74
175;Elif Karaduman;75
181;Elif Narin;81
182;Elif Ak;82
183;Elif Kalay;83
184;Elif Balta;84
185;Elif Demirel;85
191;Aybike Tiske;91
192;Aybike Direk;92
193;Aybike Balbal;93
194;Aybike Usta;94
195;Aybike Keser;95
1101;Aybike Yasin;101
1102;Aybike Boz;102
1103;Aybike Esenkaya;103
1104;Aybike Alp;104
1105;Aybike Turhan;105
1111;Aybike Ayhan;111
1112;Aybike Bayraktar;112
1113;Aybike Mumcu;113
1114;Aybike Tez;114
1115;Aybike Kuz;115
1121;Aybike Topal;121
1122;Aybike Atakan;122
1123;Aybike Tok;123
1124;Aybike Erkin;124
1125;Aybike Toprak;125
1131;Aybike Dinler;131
1132;Aybike Kanarya;132
1133;Aybike Diren;133
1134;Aybike Kutlay;134
1135;Aybike Keskin;135
1141;Aybike Gedikli;141
1142;Aybike Aksoy;142
1143;Aybike Baysal;143
1144;Aybike Kaya;144
1145;Aybike Sorgucu;145
1151;Aybike Dilim;151
1152;Aybike Yener;152
1153;Aybike Tepe;153
1154;Aybike Okan;154
1155;Aybike Karaduman;155
1161;Aybike Narin;161
1162;Aybike Ak;162
1163;Aybike Kalay;163
1164;Aybike Balta;164
1165;Aybike Demirel;165
1171;Ahmet Tiske;171
1172;Ahmet Direk;172
1173;Ahmet Balbal;173
1174;Ahmet Usta;174
1175;Ahmet Keser;175
1181;Ahmet Yasin;181
1182;Ahmet Boz;182
1183;Ahmet Esenkaya;183
1184;Ahmet Alp;184
1185;Ahmet Turhan;185
1191;Ahmet Ayhan;191
1192;Ahmet Bayraktar;192
1193;Ahmet Mumcu;193
1194;Ahmet Tez;194
1195;Ahmet Kuz;195
1201;Ahmet Topal;201
1202;Ahmet Atakan;202
1203;Ahmet Tok;203
1204;Ahmet Erkin;204
1205;Ahmet Toprak;205
1211;Ahmet Dinler;211
1212;Ahmet Kanarya;212
1213;Ahmet Diren;213
1214;Ahmet Kutlay;214
1215;Ahmet Keskin;215
1221;Ahmet Gedikli;221
1222;Ahmet Aksoy;222
1223;Ahmet Baysal;223
1224;Ahmet Kaya;224
1225;Ahmet Sorgucu;225
1231;Ahmet Dilim;231
1232;Ahmet Yener;232
1233;Ahmet Tepe;233
1234;Ahmet Okan;234
1235;Ahmet Karaduman;235
1241;Ahmet Narin;241
1242;Ahmet Ak;242
1243;Ahmet Kalay;243
1244;Ahmet Balta;244
1245;Ahmet Demirel;245
1251;Aleyna Tiske;251
1252;Aleyna Direk;252
1253;Aleyna Balbal;253
1254;Aleyna Usta;254
1255;Aleyna Keser;255
1261;Aleyna Yasin;261
1262;Aleyna Boz;262
1263;Aleyna Esenkaya;263
1264;Aleyna Alp;264
1265;Aleyna Turhan;265
1271;Aleyna Ayhan;271
1272;Aleyna Bayraktar;272
1273;Aleyna Mumcu;273
1274;Aleyna Tez;274
1275;Aleyna Kuz;275
1281;Aleyna Topal;281
1282;Aleyna Atakan;282
1283;Aleyna Tok;283
1284;Aleyna Erkin;284
1285;Aleyna Toprak;285
1291;Aleyna Dinler;291
1292;Aleyna Kanarya;292
1293;Aleyna Diren;293
1294;Aleyna Kutlay;294
1295;Aleyna Keskin;295
1301;Aleyna Gedikli;301
1302;Aleyna Aksoy;302
1303;Aleyna Baysal;303
1304;Aleyna Kaya;304
1305;Aleyna Sorgucu;305
1311;Aleyna Dilim;311
1312;Aleyna Yener;312
1313;Aleyna Tepe;313
1314;Aleyna Okan;314
1315;Aleyna Karaduman;315
1321;Aleyna Narin;321
1322;Aleyna Ak;322
1323;Aleyna Kalay;323
1324;Aleyna Balta;324
1325;Aleyna Demirel;325
1331;Ali Tiske;331
1332;Ali Direk;332
1333;Ali Balbal;333
1334;Ali Usta;334
1335;Ali Keser;335
1341;Ali Yasin;341
1342;Ali Boz;342
1343;Ali Esenkaya;343
1344;Ali Alp;344
1345;Ali Turhan;345
1351;Ali Ayhan;351
1352;Ali Bayraktar;352
1353;Ali Mumcu;353
1354;Ali Tez;354
1355;Ali Kuz;355
1361;Ali Topal;361
1362;Ali Atakan;362
1363;Ali Tok;363
1364;Ali Erkin;364
1365;Ali Toprak;365
1371;Ali Dinler;371
1372;Ali Kanarya;372
1373;Ali Diren;373
1374;Ali Kutlay;374
1375;Ali Keskin;375
1381;Ali Gedikli;381
1382;Ali Aksoy;382
1383;Ali Baysal;383
1384;Ali Kaya;384
1385;Ali Sorgucu;385
1391;Ali Dilim;391
1392;Ali Yener;392
1393;Ali Tepe;393
1394;Ali Okan;394
1395;Ali Karaduman;395
1401;Ali Narin;401
1402;Ali Ak;402
1403;Ali Kalay;403
1404;Ali Balta;404
1405;Ali Demirel;405
1411;Alper Tiske;411
1412;Alper Direk;412
1413;Alper Balbal;413
1414;Alper Usta;414
1415;Alper Keser;415
1421;Alper Yasin;421
1422;Alper Boz;422
1423;Alper Esenkaya;423
1424;Alper Alp;424
1425;Alper Turhan;425
1431;Alper Ayhan;431
1432;Alper Bayraktar;432
1433;Alper Mumcu;433
1434;Alper Tez;434
1435;Alper Kuz;435
1441;Alper Topal;441
1442;Alper Atakan;442
1443;Alper Tok;443
1444;Alper Erkin;444
1445;Alper Toprak;445
1451;Alper Dinler;451
1452;Alper Kanarya;452
1453;Alper Diren;453
1454;Alper Kutlay;454
1455;Alper Keskin;455
1461;Alper Gedikli;461
1462;Alper Aksoy;462
1463;Alper Baysal;463
1464;Alper Kaya;464
1465;Alper Sorgucu;465
1471;Alper Dilim;471
1472;Alper Yener;472
1473;Alper Tepe;473
1474;Alper Okan;474
1475;Alper Karaduman;475
1481;Alper Narin;481
1482;Alper Ak;482
1483;Alper Kalay;483
1484;Alper Balta;484
1485;Alper Demirel;485
1491;Mehmet Tiske;491
1492;Mehmet Direk;492
1493;Mehmet Balbal;493
1494;Mehmet Usta;494
1495;Mehmet Keser;495
1501;Mehmet Yasin;501
1502;Mehmet Boz;502
1503;Mehmet Esenkaya;503
1504;Mehmet Alp;504
1505;Mehmet Turhan;505
1511;Mehmet Ayhan;511
1512;Mehmet Bayraktar;512
1513;Mehmet Mumcu;513
1514;Mehmet Tez;514
1515;Mehmet Kuz;515
1521;Mehmet Topal;521
1522;Mehmet Atakan;522
1523;Mehmet Tok;523
1524;Mehmet Erkin;524
1525;Mehmet Toprak;525
1531;Mehmet Dinler;531
1532;Mehmet Kanarya;532
1533;Mehmet Diren;533
1534;Mehmet Kutlay;534
1535;Mehmet Keskin;535
1541;Mehmet Gedikli;541
1542;Mehmet Aksoy;542
1543;Mehmet Baysal;543
1544;Mehmet Kaya;544
1545;Mehmet Sorgucu;545
1551;Mehmet Dilim;551
1552;Mehmet Yener;552
1553;Mehmet Tepe;553
1554;Mehmet Okan;554
1555;Mehmet Karaduman;555
1561;Mehmet Narin;561
1562;Mehmet Ak;562
1563;Mehmet Kalay;563
1564;Mehmet Balta;564
1565;Mehmet Demirel;565
1571;Arda Tiske;571
1572;Arda Direk;572
1573;Arda Balbal;573
1574;Arda Usta;574
1575;Arda Keser;575
1581;Arda Yasin;581
1582;Arda Boz;582
1583;Arda Esenkaya;583
1584;Arda Alp;584
1585;Arda Turhan;585
1591;Arda Ayhan;591
1592;Arda Bayraktar;592
1593;Arda Mumcu;593
1594;Arda Tez;594
1595;Arda Kuz;595
1601;Arda Topal;601
1602;Arda Atakan;602
1603;Arda Tok;603
1604;Arda Erkin;604
1605;Arda Toprak;605
1611;Arda Dinler;611
1612;Arda Kanarya;612
1613;Arda Diren;613
1614;Arda Kutlay;614
1615;Arda Keskin;615
1621;Arda Gedikli;621
1622;Arda Aksoy;622
1623;Arda Baysal;623
1624;Arda Kaya;624
1625;Arda Sorgucu;625
1631;Arda Dilim;631
1632;Arda Yener;632
1633;Arda Tepe;633
1634;Arda Okan;634
1635;Arda Karaduman;635
1641;Arda Narin;641
1642;Arda Ak;642
1643;Arda Kalay;643
1644;Arda Balta;644
1645;Arda Demirel;645
1651;Asya Tiske;651
1652;Asya Direk;652
1653;Asya Balbal;653
1654;Asya Usta;654
1655;Asya Keser;655
1661;Asya Yasin;661
1662;Asya Boz;662
1663;Asya Esenkaya;663
1664;Asya Alp;664
1665;Asya Turhan;665
1671;Asya Ayhan;671
1672;Asya Bayraktar;672
1673;Asya Mumcu;673
1674;Asya Tez;674
1675;Asya Kuz;675
1681;Asya Topal;681
1682;Asya Atakan;682
1683;Asya Tok;683
1684;Asya Erkin;684
1685;Asya Toprak;685
1691;Asya Dinler;691
1692;Asya Kanarya;692
1693;Asya Diren;693
1694;Asya Kutlay;694
1695;Asya Keskin;695
1701;Asya Gedikli;701
1702;Asya Aksoy;702
1703;Asya Baysal;703
1704;Asya Kaya;704
1705;Asya Sorgucu;705
1711;Asya Dilim;711
1712;Asya Yener;712
1713;Asya Tepe;713
1714;Asya Okan;714
1715;Asya Karaduman;715
1721;Asya Narin;721
1722;Asya Ak;722
1723;Asya Kalay;723
1724;Asya Balta;724
1725;Asya Demirel;725
1731;Ataberk Tiske;731
1732;Ataberk Direk;732
1733;Ataberk Balbal;733
1734;Ataberk Usta;734
1735;Ataberk Keser;735
1741;Ataberk Yasin;741
1742;Ataberk Boz;742
1743;Ataberk Esenkaya;743
1744;Ataberk Alp;744
1745;Ataberk Turhan;745
1751;Ataberk Ayhan;751
1752;Ataberk Bayraktar;752
1753;Ataberk Mumcu;753
1754;Ataberk Tez;754
1755;Ataberk Kuz;755
1761;Ataberk Topal;761
1762;Ataberk Atakan;762
1763;Ataberk Tok;763
1764;Ataberk Erkin;764
1765;Ataberk Toprak;765
1771;Ataberk Dinler;771
1772;Ataberk Kanarya;772
1773;Ataberk Diren;773
1774;Ataberk Kutlay;774
1775;Ataberk Keskin;775
1781;Ataberk Gedikli;781
1782;Ataberk Aksoy;782
1783;Ataberk Baysal;783
1784;Ataberk Kaya;784
1785;Ataberk Sorgucu;785
1791;Ataberk Dilim;791
1792;Ataberk Yener;792
1793;Ataberk Tepe;793
1794;Ataberk Okan;794
1795;Ataberk Karaduman;795
1801;Ataberk Narin;801
1802;Ataberk Ak;802
1803;Ataberk Kalay;803
1804;Ataberk Balta;804
1805;Ataberk Demirel;805
1811;Atahan Tiske;811
1812;Atahan Direk;812
1813;Atahan Balbal;813
1814;Atahan Usta;814
1815;Atahan Keser;815
211;Atahan Yasin;11
212;Atahan Boz;12
213;Atahan Esenkaya;13
214;Atahan Alp;14
215;Atahan Turhan;15
221;Atahan Ayhan;21
222;Atahan Bayraktar;22
223;Atahan Mumcu;23
224;Atahan Tez;24
225;Atahan Kuz;25
231;Atahan Topal;31
232;Atahan Atakan;32
233;Atahan Tok;33
234;Atahan Erkin;34
235;Atahan Toprak;35
241;Atahan Dinler;41
242;Atahan Kanarya;42
243;Atahan Diren;43
244;Atahan Kutlay;44
245;Atahan Keskin;45
251;Atahan Gedikli;51
252;Atahan Aksoy;52
253;Atahan Baysal;53
254;Atahan Kaya;54
255;Atahan Sorgucu;55
261;Atahan Dilim;61
262;Atahan Yener;62
263;Atahan Tepe;63
264;Atahan Okan;64
265;Atahan Karaduman;65
271;Atahan Narin;71
272;Atahan Ak;72
273;Atahan Kalay;73
274;Atahan Balta;74
275;Atahan Demirel;75
281;Aylin Tiske;81
282;Aylin Direk;82
283;Aylin Balbal;83
284;Aylin Usta;84
285;Aylin Keser;85
291;Aylin Yasin;91
292;Aylin Boz;92
293;Aylin Esenkaya;93
294;Aylin Alp;94
295;Aylin Turhan;95
2101;Aylin Ayhan;101
2102;Aylin Bayraktar;102
2103;Aylin Mumcu;103
2104;Aylin Tez;104
2105;Aylin Kuz;105
2111;Aylin Topal;111
2112;Aylin Atakan;112
2113;Aylin Tok;113
2114;Aylin Erkin;114
2115;Aylin Toprak;115
2121;Aylin Dinler;121
2122;Aylin Kanarya;122
2123;Aylin Diren;123
2124;Aylin Kutlay;124
2125;Aylin Keskin;125
2131;Aylin Gedikli;131
2132;Aylin Aksoy;132
2133;Aylin Baysal;133
2134;Aylin Kaya;134
2135;Aylin Sorgucu;135
2141;Aylin Dilim;141
2142;Aylin Yener;142
2143;Aylin Tepe;143
2144;Aylin Okan;144
2145;Aylin Karaduman;145
2151;Aylin Narin;151
2152;Aylin Ak;152
2153;Aylin Kalay;153
2154;Aylin Balta;154
2155;Aylin Demirel;155
2161;Batuhan Tiske;161
2162;Batuhan Direk;162
2163;Batuhan Balbal;163
2164;Batuhan Usta;164
2165;Batuhan Keser;165
2171;Batuhan Yasin;171
2172;Batuhan Boz;172
2173;Batuhan Esenkaya;173
2174;Batuhan Alp;174
2175;Batuhan Turhan;175
2181;Batuhan Ayhan;181
2182;Batuhan Bayraktar;182
2183;Batuhan Mumcu;183
2184;Batuhan Tez;184
2185;Batuhan Kuz;185
2191;Batuhan Topal;191
2192;Batuhan Atakan;192
2193;Batuhan Tok;193
2194;Batuhan Erkin;194
2195;Batuhan Toprak;195
2201;Batuhan Dinler;201
2202;Batuhan Kanarya;202
2203;Batuhan Diren;203
2204;Batuhan Kutlay;204
2205;Batuhan Keskin;205
2211;Batuhan Gedikli;211
2212;Batuhan Aksoy;212
2213;Batuhan Baysal;213
2214;Batuhan Kaya;214
2215;Batuhan Sorgucu;215
2221;Batuhan Dilim;221
2222;Batuhan Yener;222
2223;Batuhan Tepe;223
2224;Batuhan Okan;224
2225;Batuhan Karaduman;225
2231;Batuhan Narin;231
2232;Batuhan Ak;232
2233;Batuhan Kalay;233
2234;Batuhan Balta;234
2235;Batuhan Demirel;235
2241;Naz Tiske;241
2242;Naz Direk;242
2243;Naz Balbal;243
2244;Naz Usta;244
2245;Naz Keser;245
2251;Naz Yasin;251
2252;Naz Boz;252
2253;Naz Esenkaya;253
2254;Naz Alp;254
2255;Naz Turhan;255
2261;Naz Ayhan;261
2262;Naz Bayraktar;262
2263;Naz Mumcu;263
2264;Naz Tez;264
2265;Naz Kuz;265
2271;Naz Topal;271
2272;Naz Atakan;272
2273;Naz Tok;273
2274;Naz Erkin;274
2275;Naz Toprak;275
2281;Naz Dinler;281
2282;Naz Kanarya;282
2283;Naz Diren;283
2284;Naz Kutlay;284
2285;Naz Keskin;285
2291;Naz Gedikli;291
2292;Naz Aksoy;292
2293;Naz Baysal;293
2294;Naz Kaya;294
2295;Naz Sorgucu;295
2301;Naz Dilim;301
2302;Naz Yener;302
2303;Naz Tepe;303
2304;Naz Okan;304
2305;Naz Karaduman;305
2311;Naz Narin;311
2312;Naz Ak;312
2313;Naz Kalay;313
2314;Naz Balta;314
2315;Naz Demirel;315
2321;Beril Tiske;321
2322;Beril Direk;322
2323;Beril Balbal;323
2324;Beril Usta;324
2325;Beril Keser;325
2331;Beril Yasin;331
2332;Beril Boz;332
2333;Beril Esenkaya;333
2334;Beril Alp;334
2335;Beril Turhan;335
2341;Beril Ayhan;341
2342;Beril Bayraktar;342
2343;Beril Mumcu;343
2344;Beril Tez;344
2345;Beril Kuz;345
2351;Beril Topal;351
2352;Beril Atakan;352
2353;Beril Tok;353
2354;Beril Erkin;354
2355;Beril Toprak;355
2361;Beril Dinler;361
2362;Beril Kanarya;362
2363;Beril Diren;363
2364;Beril Kutlay;364
2365;Beril Keskin;365
2371;Beril Gedikli;371
2372;Beril Aksoy;372
2373;Beril Baysal;373
2374;Beril Kaya;374
2375;Beril Sorgucu;375
2381;Beril Dilim;381
2382;Beril Yener;382
2383;Beril Tepe;383
2384;Beril Okan;384
2385;Beril Karaduman;385
2391;Beril Narin;391
2392;Beril Ak;392
2393;Beril Kalay;393
2394;Beril Balta;394
2395;Beril Demirel;395
2401;Nida Tiske;401
2402;Nida Direk;402
2403;Nida Balbal;403
2404;Nida Usta;404
2405;Nida Keser;405
2411;Nida Yasin;411
2412;Nida Boz;412
2413;Nida Esenkaya;413
2414;Nida Alp;414
2415;Nida Turhan;415
2421;Nida Ayhan;421
2422;Nida Bayraktar;422
2423;Nida Mumcu;423
2424;Nida Tez;424
2425;Nida Kuz;425
2431;Nida Topal;431
2432;Nida Atakan;432
2433;Nida Tok;433
2434;Nida Erkin;434
2435;Nida Toprak;435
2441;Nida Dinler;441
2442;Nida Kanarya;442
2443;Nida Diren;443
2444;Nida Kutlay;444
2445;Nida Keskin;445
2451;Nida Gedikli;451
2452;Nida Aksoy;452
2453;Nida Baysal;453
2454;Nida Kaya;454
2455;Nida Sorgucu;455
2461;Nida Dilim;461
2462;Nida Yener;462
2463;Nida Tepe;463
2464;Nida Okan;464
2465;Nida Karaduman;465
2471;Nida Narin;471
2472;Nida Ak;472
2473;Nida Kalay;473
2474;Nida Balta;474
2475;Nida Demirel;475
2481;Furkan Tiske;481
2482;Furkan Direk;482
2483;Furkan Balbal;483
2484;Furkan Usta;484
2485;Furkan Keser;485
2491;Furkan Yasin;491
2492;Furkan Boz;492
2493;Furkan Esenkaya;493
2494;Furkan Alp;494
2495;Furkan Turhan;495
2501;Furkan Ayhan;501
2502;Furkan Bayraktar;502
2503;Furkan Mumcu;503
2504;Furkan Tez;504
2505;Furkan Kuz;505
2511;Furkan Topal;511
2512;Furkan Atakan;512
2513;Furkan Tok;513
2514;Furkan Erkin;514
2515;Furkan Toprak;515
2521;Furkan Dinler;521
2522;Furkan Kanarya;522
2523;Furkan Diren;523
2524;Furkan Kutlay;524
2525;Furkan Keskin;525
2531;Furkan Gedikli;531
2532;Furkan Aksoy;532
2533;Furkan Baysal;533
2534;Furkan Kaya;534
2535;Furkan Sorgucu;535
2541;Furkan Dilim;541
2542;Furkan Yener;542
2543;Furkan Tepe;543
2544;Furkan Okan;544
2545;Furkan Karaduman;545
2551;Furkan Narin;551
2552;Furkan Ak;552
2553;Furkan Kalay;553
2554;Furkan Balta;554
2555;Furkan Demirel;555
2561;Hasan Tiske;561
2562;Hasan Direk;562
2563;Hasan Balbal;563
2564;Hasan Usta;564
2565;Hasan Keser;565
2571;Hasan Yasin;571
2572;Hasan Boz;572
2573;Hasan Esenkaya;573
2574;Hasan Alp;574
2575;Hasan Turhan;575
2581;Hasan Ayhan;581
2582;Hasan Bayraktar;582
2583;Hasan Mumcu;583
2584;Hasan Tez;584
2585;Hasan Kuz;585
2591;Hasan Topal;591
2592;Hasan Atakan;592
2593;Hasan Tok;593
2594;Hasan Erkin;594
2595;Hasan Toprak;595
2601;Hasan Dinler;601
2602;Hasan Kanarya;602
2603;Hasan Diren;603
2604;Hasan Kutlay;604
2605;Hasan Keskin;605
2611;Hasan Gedikli;611
2612;Hasan Aksoy;612
2613;Hasan Baysal;613
2614;Hasan Kaya;614
2615;Hasan Sorgucu;615
2621;Hasan Dilim;621
2622;Hasan Yener;622
2623;Hasan Tepe;623
2624;Hasan Okan;624
2625;Hasan Karaduman;625
2631;Hasan Narin;631
2632;Hasan Ak;632
2633;Hasan Kalay;633
2634;Hasan Balta;634
2635;Hasan Demirel;635
2641;Mert Tiske;641
2642;Mert Direk;642
2643;Mert Balbal;643
2644;Mert Usta;644
2645;Mert Keser;645
2651;Mert Yasin;651
2652;Mert Boz;652
2653;Mert Esenkaya;653
2654;Mert Alp;654
2655;Mert Turhan;655
2661;Mert Ayhan;661
2662;Mert Bayraktar;662
2663;Mert Mumcu;663
2664;Mert Tez;664
2665;Mert Kuz;665
2671;Mert Topal;671
2672;Mert Atakan;672
2673;Mert Tok;673
2674;Mert Erkin;674
2675;Mert Toprak;675
2681;Mert Dinler;681
2682;Mert Kanarya;682
2683;Mert Diren;683
2684;Mert Kutlay;684
2685;Mert Keskin;685
2691;Mert Gedikli;691
2692;Mert Aksoy;692
2693;Mert Baysal;693
2694;Mert Kaya;694
2695;Mert Sorgucu;695
2701;Mert Dilim;701
2702;Mert Yener;702
2703;Mert Tepe;703
2704;Mert Okan;704
2705;Mert Karaduman;705
2711;Mert Narin;711
2712;Mert Ak;712
2713;Mert Kalay;713
2714;Mert Balta;714
2715;Mert Demirel;715
2721;Erdi Tiske;721
2722;Erdi Direk;722
2723;Erdi Balbal;723
2724;Erdi Usta;724
2725;Erdi Keser;725
2731;Erdi Yasin;731
2732;Erdi Boz;732
2733;Erdi Esenkaya;733
2734;Erdi Alp;734
2735;Erdi Turhan;735
2741;Erdi Ayhan;741
2742;Erdi Bayraktar;742
2743;Erdi Mumcu;743
2744;Erdi Tez;744
2745;Erdi Kuz;745
2751;Erdi Topal;751
2752;Erdi Atakan;752
2753;Erdi Tok;753
2754;Erdi Erkin;754
2755;Erdi Toprak;755
2761;Erdi Dinler;761
2762;Erdi Kanarya;762
2763;Erdi Diren;763
2764;Erdi Kutlay;764
2765;Erdi Keskin;765
2771;Erdi Gedikli;771
2772;Erdi Aksoy;772
2773;Erdi Baysal;773
2774;Erdi Kaya;774
2775;Erdi Sorgucu;775
2781;Erdi Dilim;781
2782;Erdi Yener;782
2783;Erdi Tepe;783
2784;Erdi Okan;784
2785;Erdi Karaduman;785
2791;Erdi Narin;791
2792;Erdi Ak;792
2793;Erdi Kalay;793
2794;Erdi Balta;794
2795;Erdi Demirel;795
2801;Beren Tiske;801
2802;Beren Direk;802
2803;Beren Balbal;803
2804;Beren Usta;804
2805;Beren Keser;805
2811;Beren Yasin;811
2812;Beren Boz;812
2813;Beren Esenkaya;813
2814;Beren Alp;814
2815;Beren Turhan;815
311;Beren Ayhan;11
312;Beren Bayraktar;12
313;Beren Mumcu;13
314;Beren Tez;14
315;Beren Kuz;15
321;Beren Topal;21
322;Beren Atakan;22
323;Beren Tok;23
324;Beren Erkin;24
325;Beren Toprak;25
331;Beren Dinler;31
332;Beren Kanarya;32
333;Beren Diren;33
334;Beren Kutlay;34
335;Beren Keskin;35
341;Beren Gedikli;41
342;Beren Aksoy;42
343;Beren Baysal;43
344;Beren Kaya;44
345;Beren Sorgucu;45
351;Beren Dilim;51
352;Beren Yener;52
353;Beren Tepe;53
354;Beren Okan;54
355;Beren Karaduman;55
361;Beren Narin;61
362;Beren Ak;62
363;Beren Kalay;63
364;Beren Balta;64
365;Beren Demirel;65
371;Berfin Tiske;71
372;Berfin Direk;72
373;Berfin Balbal;73
374;Berfin Usta;74
375;Berfin Keser;75
381;Berfin Yasin;81
382;Berfin Boz;82
383;Berfin Esenkaya;83
384;Berfin Alp;84
385;Berfin Turhan;85
391;Berfin Ayhan;91
392;Berfin Bayraktar;92
393;Berfin Mumcu;93
394;Berfin Tez;94
395;Berfin Kuz;95
3101;Berfin Topal;101
3102;Berfin Atakan;102
3103;Berfin Tok;103
3104;Berfin Erkin;104
3105;Berfin Toprak;105
3111;Berfin Dinler;111
3112;Berfin Kanarya;112
3113;Berfin Diren;113
3114;Berfin Kutlay;114
3115;Berfin Keskin;115
3121;Berfin Gedikli;121
3122;Berfin Aksoy;122
3123;Berfin Baysal;123
3124;Berfin Kaya;124
3125;Berfin Sorgucu;125
3131;Berfin Dilim;131
3132;Berfin Yener;132
3133;Berfin Tepe;133
3134;Berfin Okan;134
3135;Berfin Karaduman;135
3141;Berfin Narin;141
3142;Berfin Ak;142
3143;Berfin Kalay;143
3144;Berfin Balta;144
3145;Berfin Demirel;145
3151;Beyza Tiske;151
3152;Beyza Direk;152
3153;Beyza Balbal;153
3154;Beyza Usta;154
3155;Beyza Keser;155
3161;Beyza Yasin;161
3162;Beyza Boz;162
3163;Beyza Esenkaya;163
3164;Beyza Alp;164
3165;Beyza Turhan;165
3171;Beyza Ayhan;171
3172;Beyza Bayraktar;172
3173;Beyza Mumcu;173
3174;Beyza Tez;174
3175;Beyza Kuz;175
3181;Beyza Topal;181
3182;Beyza Atakan;182
3183;Beyza Tok;183
3184;Beyza Erkin;184
3185;Beyza Toprak;185
3191;Beyza Dinler;191
3192;Beyza Kanarya;192
3193;Beyza Diren;193
3194;Beyza Kutlay;194
3195;Beyza Keskin;195
3201;Beyza Gedikli;201
3202;Beyza Aksoy;202
3203;Beyza Baysal;203
3204;Beyza Kaya;204
3205;Beyza Sorgucu;205
3211;Beyza Dilim;211
3212;Beyza Yener;212
3213;Beyza Tepe;213
3214;Beyza Okan;214
3215;Beyza Karaduman;215
3221;Beyza Narin;221
3222;Beyza Ak;222
3223;Beyza Kalay;223
3224;Beyza Balta;224
3225;Beyza Demirel;225
3231;Zeynep Tiske;231
3232;Zeynep Direk;232
3233;Zeynep Balbal;233
3234;Zeynep Usta;234
3235;Zeynep Keser;235
3241;Zeynep Yasin;241
3242;Zeynep Boz;242
3243;Zeynep Esenkaya;243
3244;Zeynep Alp;244
3245;Zeynep Turhan;245
3251;Zeynep Ayhan;251
3252;Zeynep Bayraktar;252
3253;Zeynep Mumcu;253
3254;Zeynep Tez;254
3255;Zeynep Kuz;255
3261;Zeynep Topal;261
3262;Zeynep Atakan;262
3263;Zeynep Tok;263
3264;Zeynep Erkin;264
3265;Zeynep Toprak;265
3271;Zeynep Dinler;271
3272;Zeynep Kanarya;272
3273;Zeynep Diren;273
3274;Zeynep Kutlay;274
3275;Zeynep Keskin;275
3281;Zeynep Gedikli;281
3282;Zeynep Aksoy;282
3283;Zeynep Baysal;283
3284;Zeynep Kaya;284
3285;Zeynep Sorgucu;285
3291;Zeynep Dilim;291
3292;Zeynep Yener;292
3293;Zeynep Tepe;293
3294;Zeynep Okan;294
3295;Zeynep Karaduman;295
3301;Zeynep Narin;301
3302;Zeynep Ak;302
3303;Zeynep Kalay;303
3304;Zeynep Balta;304
3305;Zeynep Demirel;305
3311;Nur Tiske;311
3312;Nur Direk;312
3313;Nur Balbal;313
3314;Nur Usta;314
3315;Nur Keser;315
3321;Nur Yasin;321
3322;Nur Boz;322
3323;Nur Esenkaya;323
3324;Nur Alp;324
3325;Nur Turhan;325
3331;Nur Ayhan;331
3332;Nur Bayraktar;332
3333;Nur Mumcu;333
3334;Nur Tez;334
3335;Nur Kuz;335
3341;Nur Topal;341
3342;Nur Atakan;342
3343;Nur Tok;343
3344;Nur Erkin;344
3345;Nur Toprak;345
3351;Nur Dinler;351
3352;Nur Kanarya;352
3353;Nur Diren;353
3354;Nur Kutlay;354
3355;Nur Keskin;355
3361;Nur Gedikli;361
3362;Nur Aksoy;362
3363;Nur Baysal;363
3364;Nur Kaya;364
3365;Nur Sorgucu;365
3371;Nur Dilim;371
3372;Nur Yener;372
3373;Nur Tepe;373
3374;Nur Okan;374
3375;Nur Karaduman;375
3381;Nur Narin;381
3382;Nur Ak;382
3383;Nur Kalay;383
3384;Nur Balta;384
3385;Nur Demirel;385
3391;Merve Tiske;391
3392;Merve Direk;392
3393;Merve Balbal;393
3394;Merve Usta;394
3395;Merve Keser;395
3401;Merve Yasin;401
3402;Merve Boz;402
3403;Merve Esenkaya;403
3404;Merve Alp;404
3405;Merve Turhan;405
3411;Merve Ayhan;411
3412;Merve Bayraktar;412
3413;Merve Mumcu;413
3414;Merve Tez;414
3415;Merve Kuz;415
3421;Merve Topal;421
3422;Merve Atakan;422
3423;Merve Tok;423
3424;Merve Erkin;424
3425;Merve Toprak;425
3431;Merve Dinler;431
3432;Merve Kanarya;432
3433;Merve Diren;433
3434;Merve Kutlay;434
3435;Merve Keskin;435
3441;Merve Gedikli;441
3442;Merve Aksoy;442
3443;Merve Baysal;443
3444;Merve Kaya;444
3445;Merve Sorgucu;445
3451;Merve Dilim;451
3452;Merve Yener;452
3453;Merve Tepe;453
3454;Merve Okan;454
3455;Merve Karaduman;455
3461;Merve Narin;461
3462;Merve Ak;462
3463;Merve Kalay;463
3464;Merve Balta;464
3465;Merve Demirel;465
3471;Defne Tiske;471
3472;Defne Direk;472
3473;Defne Balbal;473
3474;Defne Usta;474
3475;Defne Keser;475
3481;Defne Yasin;481
3482;Defne Boz;482
3483;Defne Esenkaya;483
3484;Defne Alp;484
3485;Defne Turhan;485
3491;Defne Ayhan;491
3492;Defne Bayraktar;492
3493;Defne Mumcu;493
3494;Defne Tez;494
3495;Defne Kuz;495
3501;Defne Topal;501
3502;Defne Atakan;502
3503;Defne Tok;503
3504;Defne Erkin;504
3505;Defne Toprak;505
3511;Defne Dinler;511
3512;Defne Kanarya;512
3513;Defne Diren;513
3514;Defne Kutlay;514
3515;Defne Keskin;515
3521;Defne Gedikli;521
3522;Defne Aksoy;522
3523;Defne Baysal;523
3524;Defne Kaya;524
3525;Defne Sorgucu;525
3531;Defne Dilim;531
3532;Defne Yener;532
3533;Defne Tepe;533
3534;Defne Okan;534
3535;Defne Karaduman;535
3541;Defne Narin;541
3542;Defne Ak;542
3543;Defne Kalay;543
3544;Defne Balta;544
3545;Defne Demirel;545
3551;Ezgi Tiske;551
3552;Ezgi Direk;552
3553;Ezgi Balbal;553
3554;Ezgi Usta;554
3555;Ezgi Keser;555
3561;Ezgi Yasin;561
3562;Ezgi Boz;562
3563;Ezgi Esenkaya;563
3564;Ezgi Alp;564
3565;Ezgi Turhan;565
3571;Ezgi Ayhan;571
3572;Ezgi Bayraktar;572
3573;Ezgi Mumcu;573
3574;Ezgi Tez;574
3575;Ezgi Kuz;575
3581;Ezgi Topal;581
3582;Ezgi Atakan;582
3583;Ezgi Tok;583
3584;Ezgi Erkin;584
3585;Ezgi Toprak;585
3591;Ezgi Dinler;591
3592;Ezgi Kanarya;592
3593;Ezgi Diren;593
3594;Ezgi Kutlay;594
3595;Ezgi Keskin;595
3601;Ezgi Gedikli;601
3602;Ezgi Aksoy;602
3603;Ezgi Baysal;603
3604;Ezgi Kaya;604
3605;Ezgi Sorgucu;605
3611;Ezgi Dilim;611
3612;Ezgi Yener;612
3613;Ezgi Tepe;613
3614;Ezgi Okan;614
3615;Ezgi Karaduman;615
3621;Ezgi Narin;621
3622;Ezgi Ak;622
3623;Ezgi Kalay;623
3624;Ezgi Balta;624
3625;Ezgi Demirel;625
3631;Deniz Tiske;631
3632;Deniz Direk;632
3633;Deniz Balbal;633
3634;Deniz Usta;634
3635;Deniz Keser;635
3641;Deniz Yasin;641
3642;Deniz Boz;642
3643;Deniz Esenkaya;643
3644;Deniz Alp;644
3645;Deniz Turhan;645
3651;Deniz Ayhan;651
3652;Deniz Bayraktar;652
3653;Deniz Mumcu;653
3654;Deniz Tez;654
3655;Deniz Kuz;655
3661;Deniz Topal;661
3662;Deniz Atakan;662
3663;Deniz Tok;663
3664;Deniz Erkin;664
3665;Deniz Toprak;665
3671;Deniz Dinler;671
3672;Deniz Kanarya;672
3673;Deniz Diren;673
3674;Deniz Kutlay;674
3675;Deniz Keskin;675
3681;Deniz Gedikli;681
3682;Deniz Aksoy;682
3683;Deniz Baysal;683
3684;Deniz Kaya;684
3685;Deniz Sorgucu;685
3691;Deniz Dilim;691
3692;Deniz Yener;692
3693;Deniz Tepe;693
3694;Deniz Okan;694
3695;Deniz Karaduman;695
3701;Deniz Narin;701
3702;Deniz Ak;702
3703;Deniz Kalay;703
3704;Deniz Balta;704
3705;Deniz Demirel;705
3711;Gizem Tiske;711
3712;Gizem Direk;712
3713;Gizem Balbal;713
3714;Gizem Usta;714
3715;Gizem Keser;715
3721;Gizem Yasin;721
3722;Gizem Boz;722
3723;Gizem Esenkaya;723
3724;Gizem Alp;724
3725;Gizem Turhan;725
3731;Gizem Ayhan;731
3732;Gizem Bayraktar;732
3733;Gizem Mumcu;733
3734;Gizem Tez;734
3735;Gizem Kuz;735
3741;Gizem Topal;741
3742;Gizem Atakan;742
3743;Gizem Tok;743
3744;Gizem Erkin;744
3745;Gizem Toprak;745
3751;Gizem Dinler;751
3752;Gizem Kanarya;752
3753;Gizem Diren;753
3754;Gizem Kutlay;754
3755;Gizem Keskin;755
3761;Gizem Gedikli;761
3762;Gizem Aksoy;762
3763;Gizem Baysal;763
3764;Gizem Kaya;764
3765;Gizem Sorgucu;765
3771;Gizem Dilim;771
3772;Gizem Yener;772
3773;Gizem Tepe;773
3774;Gizem Okan;774
3775;Gizem Karaduman;775
3781;Gizem Narin;781
3782;Gizem Ak;782
3783;Gizem Kalay;783
3784;Gizem Balta;784
3785;Gizem Demirel;785
3791;Hakan Tiske;791
3792;Hakan Direk;792
3793;Hakan Balbal;793
3794;Hakan Usta;794
3795;Hakan Keser;795
3801;Hakan Yasin;801
3802;Hakan Boz;802
3803;Hakan Esenkaya;803
3804;Hakan Alp;804
3805;Hakan Turhan;805
3811;Hakan Ayhan;811
3812;Hakan Bayraktar;812
3813;Hakan Mumcu;813
3814;Hakan Tez;814
3815;Hakan Kuz;815
411;Hakan Topal;11
412;Hakan Atakan;12
413;Hakan Tok;13
414;Hakan Erkin;14
415;Hakan Toprak;15
421;Hakan Dinler;21
422;Hakan Kanarya;22
423;Hakan Diren;23
424;Hakan Kutlay;24
425;Hakan Keskin;25
431;Hakan Gedikli;31
432;Hakan Aksoy;32
433;Hakan Baysal;33
434;Hakan Kaya;34
435;Hakan Sorgucu;35
441;Hakan Dilim;41
442;Hakan Yener;42
443;Hakan Tepe;43
444;Hakan Okan;44
445;Hakan Karaduman;45
451;Hakan Narin;51
452;Hakan Ak;52
453;Hakan Kalay;53
454;Hakan Balta;54
455;Hakan Demirel;55
461;Hande Tiske;61
462;Hande Direk;62
463;Hande Balbal;63
464;Hande Usta;64
465;Hande Keser;65
471;Hande Yasin;71
472;Hande Boz;72
473;Hande Esenkaya;73
474;Hande Alp;74
475;Hande Turhan;75
481;Hande Ayhan;81
482;Hande Bayraktar;82
483;Hande Mumcu;83
484;Hande Tez;84
485;Hande Kuz;85
491;Hande Topal;91
492;Hande Atakan;92
493;Hande Tok;93
494;Hande Erkin;94
495;Hande Toprak;95
4101;Hande Dinler;101
4102;Hande Kanarya;102
4103;Hande Diren;103
4104;Hande Kutlay;104
4105;Hande Keskin;105
4111;Hande Gedikli;111
4112;Hande Aksoy;112
4113;Hande Baysal;113
4114;Hande Kaya;114
4115;Hande Sorgucu;115
4121;Hande Dilim;121
4122;Hande Yener;122
4123;Hande Tepe;123
4124;Hande Okan;124
4125;Hande Karaduman;125
4131;Hande Narin;131
4132;Hande Ak;132
4133;Hande Kalay;133
4134;Hande Balta;134
4135;Hande Demirel;135
4141;Halil Tiske;141
4142;Halil Direk;142
4143;Halil Balbal;143
4144;Halil Usta;144
4145;Halil Keser;145
4151;Halil Yasin;151
4152;Halil Boz;152
4153;Halil Esenkaya;153
4154;Halil Alp;154
4155;Halil Turhan;155
4161;Halil Ayhan;161
4162;Halil Bayraktar;162
4163;Halil Mumcu;163
4164;Halil Tez;164
4165;Halil Kuz;165
4171;Halil Topal;171
4172;Halil Atakan;172
4173;Halil Tok;173
4174;Halil Erkin;174
4175;Halil Toprak;175
4181;Halil Dinler;181
4182;Halil Kanarya;182
4183;Halil Diren;183
4184;Halil Kutlay;184
4185;Halil Keskin;185
4191;Halil Gedikli;191
4192;Halil Aksoy;192
4193;Halil Baysal;193
4194;Halil Kaya;194
4195;Halil Sorgucu;195
4201;Halil Dilim;201
4202;Halil Yener;202
4203;Halil Tepe;203
4204;Halil Okan;204
4205;Halil Karaduman;205
4211;Halil Narin;211
4212;Halil Ak;212
4213;Halil Kalay;213
4214;Halil Balta;214
4215;Halil Demirel;215
4221;Onur Tiske;221
4222;Onur Direk;222
4223;Onur Balbal;223
4224;Onur Usta;224
4225;Onur Keser;225
4231;Onur Yasin;231
4232;Onur Boz;232
4233;Onur Esenkaya;233
4234;Onur Alp;234
4235;Onur Turhan;235
4241;Onur Ayhan;241
4242;Onur Bayraktar;242
4243;Onur Mumcu;243
4244;Onur Tez;244
4245;Onur Kuz;245
4251;Onur Topal;251
4252;Onur Atakan;252
4253;Onur Tok;253
4254;Onur Erkin;254
4255;Onur Toprak;255
4261;Onur Dinler;261
4262;Onur Kanarya;262
4263;Onur Diren;263
4264;Onur Kutlay;264
4265;Onur Keskin;265
4271;Onur Gedikli;271
4272;Onur Aksoy;272
4273;Onur Baysal;273
4274;Onur Kaya;274
4275;Onur Sorgucu;275
4281;Onur Dilim;281
4282;Onur Yener;282
4283;Onur Tepe;283
4284;Onur Okan;284
4285;Onur Karaduman;285
4291;Onur Narin;291
4292;Onur Ak;292
4293;Onur Kalay;293
4294;Onur Balta;294
4295;Onur Demirel;295
4301;Melike Tiske;301
4302;Melike Direk;302
4303;Melike Balbal;303
4304;Melike Usta;304
4305;Melike Keser;305
4311;Melike Yasin;311
4312;Melike Boz;312
4313;Melike Esenkaya;313
4314;Melike Alp;314
4315;Melike Turhan;315
4321;Melike Ayhan;321
4322;Melike Bayraktar;322
4323;Melike Mumcu;323
4324;Melike Tez;324
4325;Melike Kuz;325
4331;Melike Topal;331
4332;Melike Atakan;332
4333;Melike Tok;333
4334;Melike Erkin;334
4335;Melike Toprak;335
4341;Melike Dinler;341
4342;Melike Kanarya;342
4343;Melike Diren;343
4344;Melike Kutlay;344
4345;Melike Keskin;345
4351;Melike Gedikli;351
4352;Melike Aksoy;352
4353;Melike Baysal;353
4354;Melike Kaya;354
4355;Melike Sorgucu;355
4361;Melike Dilim;361
4362;Melike Yener;362
4363;Melike Tepe;363
4364;Melike Okan;364
4365;Melike Karaduman;365
4371;Melike Narin;371
4372;Melike Ak;372
4373;Melike Kalay;373
4374;Melike Balta;374
4375;Melike Demirel;375
4381;Miray Tiske;381
4382;Miray Direk;382
4383;Miray Balbal;383
4384;Miray Usta;384
4385;Miray Keser;385
4391;Miray Yasin;391
4392;Miray Boz;392
4393;Miray Esenkaya;393
4394;Miray Alp;394
4395;Miray Turhan;395
4401;Miray Ayhan;401
4402;Miray Bayraktar;402
4403;Miray Mumcu;403
4404;Miray Tez;404
4405;Miray Kuz;405
4411;Miray Topal;411
4412;Miray Atakan;412
4413;Miray Tok;413
4414;Miray Erkin;414
4415;Miray Toprak;415
4421;Miray Dinler;421
4422;Miray Kanarya;422
4423;Miray Diren;423
4424;Miray Kutlay;424
4425;Miray Keskin;425
4431;Miray Gedikli;431
4432;Miray Aksoy;432
4433;Miray Baysal;433
4434;Miray Kaya;434
4435;Miray Sorgucu;435
4441;Miray Dilim;441
4442;Miray Yener;442
4443;Miray Tepe;443
4444;Miray Okan;444
4445;Miray Karaduman;445
4451;Miray Narin;451
4452;Miray Ak;452
4453;Miray Kalay;453
4454;Miray Balta;454
4455;Miray Demirel;455
4461;Ozan Tiske;461
4462;Ozan Direk;462
4463;Ozan Balbal;463
4464;Ozan Usta;464
4465;Ozan Keser;465
4471;Ozan Yasin;471
4472;Ozan Boz;472
4473;Ozan Esenkaya;473
4474;Ozan Alp;474
4475;Ozan Turhan;475
4481;Ozan Ayhan;481
4482;Ozan Bayraktar;482
4483;Ozan Mumcu;483
4484;Ozan Tez;484
4485;Ozan Kuz;485
4491;Ozan Topal;491
4492;Ozan Atakan;492
4493;Ozan Tok;493
4494;Ozan Erkin;494
4495;Ozan Toprak;495
4501;Ozan Dinler;501
4502;Ozan Kanarya;502
4503;Ozan Diren;503
4504;Ozan Kutlay;504
4505;Ozan Keskin;505
4511;Ozan Gedikli;511
4512;Ozan Aksoy;512
4513;Ozan Baysal;513
4514;Ozan Kaya;514
4515;Ozan Sorgucu;515
4521;Ozan Dilim;521
4522;Ozan Yener;522
4523;Ozan Tepe;523
4524;Ozan Okan;524
4525;Ozan Karaduman;525
4531;Ozan Narin;531
4532;Ozan Ak;532
4533;Ozan Kalay;533
4534;Ozan Balta;534
4535;Ozan Demirel;535
4541;Pelin Tiske;541
4542;Pelin Direk;542
4543;Pelin Balbal;543
4544;Pelin Usta;544
4545;Pelin Keser;545
4551;Pelin Yasin;551
4552;Pelin Boz;552
4553;Pelin Esenkaya;553
4554;Pelin Alp;554
4555;Pelin Turhan;555
4561;Pelin Ayhan;561
4562;Pelin Bayraktar;562
4563;Pelin Mumcu;563
4564;Pelin Tez;564
4565;Pelin Kuz;565
4571;Pelin Topal;571
4572;Pelin Atakan;572
4573;Pelin Tok;573
4574;Pelin Erkin;574
4575;Pelin Toprak;575
4581;Pelin Dinler;581
4582;Pelin Kanarya;582
4583;Pelin Diren;583
4584;Pelin Kutlay;584
4585;Pelin Keskin;585
4591;Pelin Gedikli;591
4592;Pelin Aksoy;592
4593;Pelin Baysal;593
4594;Pelin Kaya;594
4595;Pelin Sorgucu;595
4601;Pelin Dilim;601
4602;Pelin Yener;602
4603;Pelin Tepe;603
4604;Pelin Okan;604
4605;Pelin Karaduman;605
4611;Pelin Narin;611
4612;Pelin Ak;612
4613;Pelin Kalay;613
4614;Pelin Balta;614
4615;Pelin Demirel;615
4621;Osman Tiske;621
4622;Osman Direk;622
4623;Osman Balbal;623
4624;Osman Usta;624
4625;Osman Keser;625
4631;Osman Yasin;631
4632;Osman Boz;632
4633;Osman Esenkaya;633
4634;Osman Alp;634
4635;Osman Turhan;635
4641;Osman Ayhan;641
4642;Osman Bayraktar;642
4643;Osman Mumcu;643
4644;Osman Tez;644
4645;Osman Kuz;645
4651;Osman Topal;651
4652;Osman Atakan;652
4653;Osman Tok;653
4654;Osman Erkin;654
4655;Osman Toprak;655
4661;Osman Dinler;661
4662;Osman Kanarya;662
4663;Osman Diren;663
4664;Osman Kutlay;664
4665;Osman Keskin;665
4671;Osman Gedikli;671
4672;Osman Aksoy;672
4673;Osman Baysal;673
4674;Osman Kaya;674
4675;Osman Sorgucu;675
4681;Osman Dilim;681
4682;Osman Yener;682
4683;Osman Tepe;683
4684;Osman Okan;684
4685;Osman Karaduman;685
4691;Osman Narin;691
4692;Osman Ak;692
4693;Osman Kalay;693
4694;Osman Balta;694
4695;Osman Demirel;695
4701;Simge Tiske;701
4702;Simge Direk;702
4703;Simge Balbal;703
4704;Simge Usta;704
4705;Simge Keser;705
4711;Simge Yasin;711
4712;Simge Boz;712
4713;Simge Esenkaya;713
4714;Simge Alp;714
4715;Simge Turhan;715
4721;Simge Ayhan;721
4722;Simge Bayraktar;722
4723;Simge Mumcu;723
4724;Simge Tez;724
4725;Simge Kuz;725
4731;Simge Topal;731
4732;Simge Atakan;732
4733;Simge Tok;733
4734;Simge Erkin;734
4735;Simge Toprak;735
4741;Simge Dinler;741
4742;Simge Kanarya;742
4743;Simge Diren;743
4744;Simge Kutlay;744
4745;Simge Keskin;745
4751;Simge Gedikli;751
4752;Simge Aksoy;752
4753;Simge Baysal;753
4754;Simge Kaya;754
4755;Simge Sorgucu;755
4761;Simge Dilim;761
4762;Simge Yener;762
4763;Simge Tepe;763
4764;Simge Okan;764
4765;Simge Karaduman;765
4771;Simge Narin;771
4772;Simge Ak;772
4773;Simge Kalay;773
4774;Simge Balta;774
4775;Simge Demirel;775
4781;Mahmut Orhan;781
4782;Kamil Yetmez;782
4783;Mustafa Kol;783
4784;Ecem Nar;784
4785;Yasin Kahraman;785
4791;Ayberk Satmaz;791
4792;Okan Buruk;792
4793;Yasemin Limon;793
4794;Melek Erdem;794
4795;Erdem Can;795
4801;Eren Kara;801
4802;Okan Kara;802
4803;Melek Can;803
4804;Mahmut Can;804
4805;Mahmut Kara;805
4811;Simge Kara;811
4812;Ecem Ak;812
4813;Yasin Susmaz;813
4814;Kamil Susar;814
4815;Okan Tepe;815
